#node1	node2	node1_string_id	node2_string_id	neighborhood_on_chromosome	gene_fusion	phylogenetic_cooccurrence	homology	coexpression	experimentally_determined_interaction	database_annotated	automated_textmining	combined_score
ACTB	AGO2	9606.ENSP00000494750	9606.ENSP00000220592	0	0	0	0	0.047	0.070	0	0.587	0.602
ACTB	RPL19	9606.ENSP00000494750	9606.ENSP00000225430	0	0	0	0	0.178	0.091	0	0.584	0.662
ACTB	PFN1	9606.ENSP00000494750	9606.ENSP00000225655	0	0	0	0	0.485	0.972	0.900	0.992	0.999
ACTB	RPS12	9606.ENSP00000494750	9606.ENSP00000230050	0	0	0	0	0.126	0.254	0	0.175	0.416
ACTB	TMSB10	9606.ENSP00000494750	9606.ENSP00000233143	0	0	0	0	0.373	0.232	0	0.199	0.581
ACTB	RAC2	9606.ENSP00000494750	9606.ENSP00000249071	0	0	0	0	0.172	0.259	0	0.376	0.584
ACTB	H3-3B	9606.ENSP00000494750	9606.ENSP00000254810	0	0.001	0	0	0.103	0.819	0	0.784	0.962
ACTB	SMARCD3	9606.ENSP00000494750	9606.ENSP00000262188	0	0	0	0	0.084	0.397	0.800	0.229	0.903
ACTB	RPS27A	9606.ENSP00000494750	9606.ENSP00000272317	0	0	0	0	0.121	0.321	0	0.382	0.600
ACTB	FTH1	9606.ENSP00000494750	9606.ENSP00000273550	0	0	0	0	0.174	0.091	0	0.445	0.547
ACTB	CEBPB	9606.ENSP00000494750	9606.ENSP00000305422	0	0	0	0	0.062	0	0	0.578	0.587
ACTB	RPL13	9606.ENSP00000494750	9606.ENSP00000307889	0	0	0	0	0.146	0.066	0	0.316	0.407
ACTB	RPL38	9606.ENSP00000494750	9606.ENSP00000309830	0	0	0	0	0.100	0.091	0	0.335	0.408
ACTB	RPL4	9606.ENSP00000494750	9606.ENSP00000311430	0	0	0	0	0.181	0.365	0	0.496	0.715
ACTB	ROCK2	9606.ENSP00000494750	9606.ENSP00000317985	0	0	0	0	0.081	0.070	0	0.402	0.445
ACTB	PPP1CA	9606.ENSP00000494750	9606.ENSP00000326031	0	0	0.280	0	0.265	0.447	0	0.351	0.785
ACTB	EEF1G	9606.ENSP00000494750	9606.ENSP00000331901	0	0	0	0	0.190	0.091	0	0.298	0.439
ACTB	EEF1A1	9606.ENSP00000494750	9606.ENSP00000339063	0	0	0	0	0.481	0.604	0	0.776	0.950
ACTB	RPS2	9606.ENSP00000494750	9606.ENSP00000341885	0	0	0	0	0.305	0.094	0	0.506	0.662
ACTB	RPL3	9606.ENSP00000494750	9606.ENSP00000346001	0	0	0	0	0.234	0.070	0	0.272	0.437
ACTB	RPLP1	9606.ENSP00000494750	9606.ENSP00000346037	0	0	0	0	0.155	0.267	0	0.473	0.645
ACTB	S100A4	9606.ENSP00000494750	9606.ENSP00000357704	0	0	0	0	0.073	0.092	0	0.448	0.495
ACTB	RPS4X	9606.ENSP00000494750	9606.ENSP00000362744	0	0	0	0	0.140	0.231	0	0.167	0.402
ACTB	CUL4A	9606.ENSP00000494750	9606.ENSP00000364589	0	0	0	0	0.042	0	0.400	0.328	0.580
ACTB	FTL	9606.ENSP00000494750	9606.ENSP00000366525	0	0	0	0	0.315	0.091	0	0.365	0.570
ACTB	TMSB4X	9606.ENSP00000494750	9606.ENSP00000370010	0	0	0	0	0.192	0.396	0.900	0.311	0.961
ACTB	FSCN1	9606.ENSP00000494750	9606.ENSP00000371798	0	0	0	0	0.081	0.100	0	0.402	0.462
ACTB	RPS9	9606.ENSP00000494750	9606.ENSP00000375632	0	0	0	0	0.126	0.253	0	0.449	0.609
ACTB	HLA-A	9606.ENSP00000494750	9606.ENSP00000379873	0	0	0	0	0.204	0	0	0.306	0.424
ACTB	ITGB2	9606.ENSP00000494750	9606.ENSP00000380948	0	0	0	0	0.106	0.070	0	0.645	0.679
ACTB	PPP2CA	9606.ENSP00000494750	9606.ENSP00000418447	0	0	0.216	0	0.075	0.095	0	0.418	0.567
ACTB	RACK1	9606.ENSP00000494750	9606.ENSP00000426909	0	0	0	0	0.223	0.270	0	0.410	0.636
ACTB	UBC	9606.ENSP00000494750	9606.ENSP00000441543	0	0	0	0	0.555	0.127	0	0.587	0.825
ACTB	RPL18	9606.ENSP00000494750	9606.ENSP00000447001	0	0	0	0	0.140	0.227	0	0.320	0.508
ACTB	RPLP0	9606.ENSP00000494750	9606.ENSP00000449328	0	0	0	0	0.283	0.248	0	0.811	0.889
ACTB	ACTG1	9606.ENSP00000494750	9606.ENSP00000458162	0	0	0.047	0.987	0.778	0.983	0.900	0.795	0.999
ACTB	RPS19	9606.ENSP00000494750	9606.ENSP00000470972	0	0	0	0	0.106	0.251	0	0.288	0.482
ACTB	TPT1	9606.ENSP00000494750	9606.ENSP00000477781	0	0	0	0	0.110	0.328	0	0.359	0.584
ACTB	UBB	9606.ENSP00000494750	9606.ENSP00000478771	0	0	0	0	0.425	0.127	0	0.348	0.645
ACTB	HBB	9606.ENSP00000494750	9606.ENSP00000494175	0	0	0	0	0.072	0.052	0	0.600	0.618
ACTB	RPL11	9606.ENSP00000494750	9606.ENSP00000496250	0	0	0	0	0.073	0.236	0	0.354	0.503
ACTB	B2M	9606.ENSP00000494750	9606.ENSP00000497910	0	0	0	0	0.171	0	0	0.784	0.813
ACTG1	PFN1	9606.ENSP00000458162	9606.ENSP00000225655	0	0	0	0	0.252	0.301	0.900	0.871	0.992
ACTG1	H3-3B	9606.ENSP00000458162	9606.ENSP00000254810	0	0.001	0	0	0.116	0.361	0	0.253	0.541
ACTG1	SMARCD3	9606.ENSP00000458162	9606.ENSP00000262188	0	0	0	0	0.084	0.184	0.800	0.090	0.845
ACTG1	PPP1CA	9606.ENSP00000458162	9606.ENSP00000326031	0	0	0.279	0	0.176	0.095	0	0.154	0.484
ACTG1	EEF1A1	9606.ENSP00000458162	9606.ENSP00000339063	0	0	0	0	0.481	0.257	0	0.658	0.856
ACTG1	RPS2	9606.ENSP00000458162	9606.ENSP00000341885	0	0	0	0	0.410	0.094	0	0.179	0.523
ACTG1	TMSB4X	9606.ENSP00000458162	9606.ENSP00000370010	0	0	0	0	0.123	0.643	0.900	0.377	0.977
ACTG1	FSCN1	9606.ENSP00000458162	9606.ENSP00000371798	0	0	0	0	0.093	0.100	0	0.326	0.402
ACTG1	RACK1	9606.ENSP00000458162	9606.ENSP00000426909	0	0	0	0	0.341	0.095	0	0.238	0.506
ACTG1	UBC	9606.ENSP00000458162	9606.ENSP00000441543	0	0	0	0	0.371	0.127	0	0.209	0.528
ACTG1	RPLP0	9606.ENSP00000458162	9606.ENSP00000449328	0	0	0	0	0.490	0.068	0	0.192	0.583
ACTG1	UBB	9606.ENSP00000458162	9606.ENSP00000478771	0	0	0	0	0.297	0.127	0	0.225	0.483
ACTG1	ACTB	9606.ENSP00000458162	9606.ENSP00000494750	0	0	0.047	0.987	0.778	0.983	0.900	0.795	0.999
AGO2	RPL11	9606.ENSP00000220592	9606.ENSP00000496250	0	0	0	0	0.057	0.292	0	0.177	0.402
AGO2	RACK1	9606.ENSP00000220592	9606.ENSP00000426909	0	0	0	0	0.049	0.345	0	0.222	0.474
AGO2	EEF1A1	9606.ENSP00000220592	9606.ENSP00000339063	0	0	0	0	0.054	0.305	0	0.302	0.501
AGO2	ACTB	9606.ENSP00000220592	9606.ENSP00000494750	0	0	0	0	0.047	0.070	0	0.587	0.602
AGO2	H3-3B	9606.ENSP00000220592	9606.ENSP00000254810	0	0	0	0	0.049	0.059	0.500	0.418	0.704
ALAS2	HBA2	9606.ENSP00000497236	9606.ENSP00000251595	0	0	0	0	0.388	0	0	0.479	0.668
ALAS2	FTH1	9606.ENSP00000497236	9606.ENSP00000273550	0.041	0	0	0	0.065	0	0	0.391	0.406
ALAS2	HBB	9606.ENSP00000497236	9606.ENSP00000494175	0	0	0	0	0.451	0	0	0.706	0.831
AP2A2	RPS27A	9606.ENSP00000327694	9606.ENSP00000272317	0	0	0	0	0.052	0.063	0.500	0.072	0.533
AP2A2	S100A4	9606.ENSP00000327694	9606.ENSP00000357704	0	0	0	0	0	0.409	0	0.047	0.412
AP2A2	UBB	9606.ENSP00000327694	9606.ENSP00000478771	0	0	0	0	0.052	0.063	0.500	0.067	0.530
AP2A2	UBC	9606.ENSP00000327694	9606.ENSP00000441543	0	0	0	0	0.052	0.147	0.500	0.059	0.569
B2M	RPL19	9606.ENSP00000497910	9606.ENSP00000225430	0	0	0	0	0.204	0	0	0.460	0.552
B2M	TMSB10	9606.ENSP00000497910	9606.ENSP00000233143	0	0	0	0	0.403	0	0	0.182	0.490
B2M	LILRB3	9606.ENSP00000497910	9606.ENSP00000245620	0	0	0	0	0.116	0	0.500	0.113	0.574
B2M	H3-3B	9606.ENSP00000497910	9606.ENSP00000254810	0	0	0	0	0.128	0.098	0	0.344	0.439
B2M	TYROBP	9606.ENSP00000497910	9606.ENSP00000262629	0	0	0	0	0.165	0	0.700	0.302	0.809
B2M	RPS27A	9606.ENSP00000497910	9606.ENSP00000272317	0	0	0	0	0.168	0.050	0	0.337	0.431
B2M	FTH1	9606.ENSP00000497910	9606.ENSP00000273550	0	0	0	0	0.195	0.070	0	0.298	0.428
B2M	RPL4	9606.ENSP00000497910	9606.ENSP00000311430	0	0	0	0	0.094	0	0	0.443	0.474
B2M	EEF1A1	9606.ENSP00000497910	9606.ENSP00000339063	0	0	0	0	0.160	0	0	0.552	0.607
B2M	RPLP1	9606.ENSP00000497910	9606.ENSP00000346037	0	0	0	0	0.162	0	0	0.491	0.555
B2M	HLA-E	9606.ENSP00000497910	9606.ENSP00000365817	0	0	0	0	0.638	0.989	0.900	0.966	0.999
B2M	FTL	9606.ENSP00000497910	9606.ENSP00000366525	0	0	0	0	0.253	0.066	0	0.465	0.594
B2M	TMSB4X	9606.ENSP00000497910	9606.ENSP00000370010	0	0	0	0	0.278	0.363	0	0.248	0.623
B2M	RPS9	9606.ENSP00000497910	9606.ENSP00000375632	0	0	0	0	0.141	0	0	0.398	0.461
B2M	PSAP	9606.ENSP00000497910	9606.ENSP00000378394	0	0	0	0	0.170	0	0	0.419	0.497
B2M	HLA-A	9606.ENSP00000497910	9606.ENSP00000379873	0	0	0	0	0.747	0.995	0.900	0.998	0.999
B2M	UBC	9606.ENSP00000497910	9606.ENSP00000441543	0	0	0	0	0.188	0.089	0	0.492	0.591
B2M	RPLP0	9606.ENSP00000497910	9606.ENSP00000449328	0	0	0	0	0.083	0	0	0.709	0.722
B2M	ACTB	9606.ENSP00000497910	9606.ENSP00000494750	0	0	0	0	0.171	0	0	0.784	0.813
C19orf12	FTL	9606.ENSP00000376103	9606.ENSP00000366525	0	0	0	0	0.042	0	0	0.595	0.595
CEBPB	H3-3B	9606.ENSP00000305422	9606.ENSP00000254810	0	0	0	0	0.074	0	0	0.456	0.475
CEBPB	UBC	9606.ENSP00000305422	9606.ENSP00000441543	0	0	0	0	0.088	0.113	0	0.483	0.545
CEBPB	ACTB	9606.ENSP00000305422	9606.ENSP00000494750	0	0	0	0	0.062	0	0	0.578	0.587
CUL4A	H3-3B	9606.ENSP00000364589	9606.ENSP00000254810	0	0	0	0	0.054	0	0	0.442	0.449
CUL4A	RPS27A	9606.ENSP00000364589	9606.ENSP00000272317	0	0	0	0	0.054	0	0.500	0.156	0.566
CUL4A	EEF1A1	9606.ENSP00000364589	9606.ENSP00000339063	0	0	0	0	0.054	0.322	0	0.266	0.488
CUL4A	UBB	9606.ENSP00000364589	9606.ENSP00000478771	0	0	0	0	0.056	0	0.500	0.183	0.580
CUL4A	ACTB	9606.ENSP00000364589	9606.ENSP00000494750	0	0	0	0	0.042	0	0.400	0.328	0.580
CUL4A	UBC	9606.ENSP00000364589	9606.ENSP00000441543	0	0	0	0	0.049	0.603	0.500	0.185	0.825
EEF1A1	AGO2	9606.ENSP00000339063	9606.ENSP00000220592	0	0	0	0	0.054	0.305	0	0.302	0.501
EEF1A1	RPL18A	9606.ENSP00000339063	9606.ENSP00000222247	0	0	0	0	0.853	0.915	0.500	0.545	0.996
EEF1A1	RPL19	9606.ENSP00000339063	9606.ENSP00000225430	0	0	0	0	0.699	0.800	0.500	0.513	0.983
EEF1A1	PFN1	9606.ENSP00000339063	9606.ENSP00000225655	0	0	0	0	0.107	0	0	0.728	0.747
EEF1A1	RPS12	9606.ENSP00000339063	9606.ENSP00000230050	0	0	0	0	0.710	0.810	0.500	0.293	0.978
EEF1A1	H3-3B	9606.ENSP00000339063	9606.ENSP00000254810	0	0	0	0	0.142	0.070	0	0.406	0.485
EEF1A1	RPS27A	9606.ENSP00000339063	9606.ENSP00000272317	0	0	0	0	0.548	0.876	0.500	0.500	0.984
EEF1A1	FTH1	9606.ENSP00000339063	9606.ENSP00000273550	0	0	0	0	0.158	0	0	0.371	0.448
EEF1A1	RPL13	9606.ENSP00000339063	9606.ENSP00000307889	0	0	0	0	0.761	0.867	0.500	0.503	0.991
EEF1A1	RPL38	9606.ENSP00000339063	9606.ENSP00000309830	0	0	0	0	0.359	0.800	0.500	0.271	0.947
EEF1A1	RPL4	9606.ENSP00000339063	9606.ENSP00000311430	0	0	0	0	0.916	0.841	0.500	0.661	0.997
EEF1A1	PPP1CA	9606.ENSP00000339063	9606.ENSP00000326031	0	0	0	0	0.138	0	0	0.413	0.473
EEF1A1	EEF1G	9606.ENSP00000339063	9606.ENSP00000331901	0	0	0	0	0.844	0.921	0.500	0.973	0.999
EEF1A1	FSCN1	9606.ENSP00000339063	9606.ENSP00000371798	0	0	0	0	0.047	0	0	0.462	0.465
EEF1A1	CUL4A	9606.ENSP00000339063	9606.ENSP00000364589	0	0	0	0	0.054	0.322	0	0.266	0.488
EEF1A1	FTL	9606.ENSP00000339063	9606.ENSP00000366525	0	0	0	0	0.318	0	0	0.321	0.517
EEF1A1	TMSB4X	9606.ENSP00000339063	9606.ENSP00000370010	0	0	0	0	0.157	0.369	0	0.194	0.534
EEF1A1	UBB	9606.ENSP00000339063	9606.ENSP00000478771	0	0.017	0	0	0.238	0.113	0	0.373	0.539
EEF1A1	PSMD12	9606.ENSP00000339063	9606.ENSP00000348442	0	0	0	0	0.544	0	0	0.075	0.560
EEF1A1	B2M	9606.ENSP00000339063	9606.ENSP00000497910	0	0	0	0	0.160	0	0	0.552	0.607
EEF1A1	RPLP2	9606.ENSP00000339063	9606.ENSP00000431240	0	0	0	0	0.427	0.071	0.500	0.312	0.792
EEF1A1	UBC	9606.ENSP00000339063	9606.ENSP00000441543	0	0	0	0	0.485	0.113	0	0.587	0.795
EEF1A1	ACTG1	9606.ENSP00000339063	9606.ENSP00000458162	0	0	0	0	0.481	0.257	0	0.658	0.856
EEF1A1	TPT1	9606.ENSP00000339063	9606.ENSP00000477781	0	0	0	0	0.663	0.592	0	0.666	0.950
EEF1A1	ACTB	9606.ENSP00000339063	9606.ENSP00000494750	0	0	0	0	0.481	0.604	0	0.776	0.950
EEF1A1	RPLP1	9606.ENSP00000339063	9606.ENSP00000346037	0	0	0	0	0.682	0.602	0.500	0.431	0.959
EEF1A1	RPS17	9606.ENSP00000339063	9606.ENSP00000498019	0	0	0	0	0.585	0.810	0.500	0.210	0.964
EEF1A1	RPL24	9606.ENSP00000339063	9606.ENSP00000377640	0	0	0	0	0.620	0.841	0.500	0.113	0.969
EEF1A1	RPS28	9606.ENSP00000339063	9606.ENSP00000472469	0	0	0	0	0.697	0.800	0.500	0.225	0.973
EEF1A1	RPS19	9606.ENSP00000339063	9606.ENSP00000470972	0	0	0	0	0.583	0.843	0.500	0.496	0.981
EEF1A1	RPL11	9606.ENSP00000339063	9606.ENSP00000496250	0	0.015	0	0	0.749	0.834	0.500	0.457	0.987
EEF1A1	RPS9	9606.ENSP00000339063	9606.ENSP00000375632	0	0	0	0	0.816	0.810	0.500	0.448	0.989
EEF1A1	RPL18	9606.ENSP00000339063	9606.ENSP00000447001	0	0	0	0	0.777	0.834	0.500	0.478	0.989
EEF1A1	RPS16	9606.ENSP00000339063	9606.ENSP00000367806	0	0	0	0	0.831	0.834	0.500	0.548	0.992
EEF1A1	RPS4X	9606.ENSP00000339063	9606.ENSP00000362744	0	0	0	0	0.857	0.841	0.500	0.466	0.993
EEF1A1	RACK1	9606.ENSP00000339063	9606.ENSP00000426909	0	0	0	0	0.862	0.839	0	0.749	0.993
EEF1A1	RPLP0	9606.ENSP00000339063	9606.ENSP00000449328	0	0	0	0	0.859	0.888	0.500	0.533	0.995
EEF1A1	RPL3	9606.ENSP00000339063	9606.ENSP00000346001	0	0	0	0	0.856	0.879	0.500	0.551	0.995
EEF1A1	RPS2	9606.ENSP00000339063	9606.ENSP00000341885	0	0	0	0	0.926	0.918	0.500	0.642	0.998
EEF1G	RPL18A	9606.ENSP00000331901	9606.ENSP00000222247	0	0	0	0	0.980	0.067	0	0.247	0.985
EEF1G	RPL19	9606.ENSP00000331901	9606.ENSP00000225430	0	0	0	0	0.981	0.183	0	0.612	0.993
EEF1G	RPS12	9606.ENSP00000331901	9606.ENSP00000230050	0	0	0	0	0.744	0.109	0	0.387	0.848
EEF1G	RPS27A	9606.ENSP00000331901	9606.ENSP00000272317	0	0	0	0	0.703	0.121	0	0.233	0.783
EEF1G	RPL13	9606.ENSP00000331901	9606.ENSP00000307889	0	0	0	0	0.978	0	0	0	0.978
EEF1G	RPL38	9606.ENSP00000331901	9606.ENSP00000309830	0	0	0	0	0.377	0.191	0	0.285	0.609
EEF1G	RPL4	9606.ENSP00000331901	9606.ENSP00000311430	0	0	0	0	0.959	0.210	0	0.524	0.983
EEF1G	UBC	9606.ENSP00000331901	9606.ENSP00000441543	0	0	0	0	0.204	0.137	0	0.215	0.414
EEF1G	ACTB	9606.ENSP00000331901	9606.ENSP00000494750	0	0	0	0	0.190	0.091	0	0.298	0.439
EEF1G	FTL	9606.ENSP00000331901	9606.ENSP00000366525	0	0	0	0	0.161	0	0	0.413	0.486
EEF1G	PSMD12	9606.ENSP00000331901	9606.ENSP00000348442	0	0	0	0	0.427	0	0	0.189	0.515
EEF1G	RPS28	9606.ENSP00000331901	9606.ENSP00000472469	0	0	0	0	0.335	0.123	0	0.444	0.648
EEF1G	RPS17	9606.ENSP00000331901	9606.ENSP00000498019	0	0	0	0	0.738	0	0	0.111	0.757
EEF1G	RPLP2	9606.ENSP00000331901	9606.ENSP00000431240	0	0	0	0	0.866	0.097	0	0.297	0.907
EEF1G	RPS9	9606.ENSP00000331901	9606.ENSP00000375632	0	0	0	0	0.885	0	0	0.256	0.911
EEF1G	RPL24	9606.ENSP00000331901	9606.ENSP00000377640	0	0	0	0	0.887	0.096	0	0.283	0.921
EEF1G	RPS16	9606.ENSP00000331901	9606.ENSP00000367806	0	0	0	0	0.925	0.236	0	0.381	0.961
EEF1G	RPS19	9606.ENSP00000331901	9606.ENSP00000470972	0	0	0	0	0.939	0.109	0	0.454	0.967
EEF1G	RPL3	9606.ENSP00000331901	9606.ENSP00000346001	0	0	0	0	0.940	0	0	0.486	0.968
EEF1G	RPS4X	9606.ENSP00000331901	9606.ENSP00000362744	0	0	0	0	0.971	0.128	0	0.336	0.982
EEF1G	RPLP1	9606.ENSP00000331901	9606.ENSP00000346037	0	0	0	0	0.971	0.106	0	0.470	0.985
EEF1G	RPS2	9606.ENSP00000331901	9606.ENSP00000341885	0	0	0	0	0.971	0.097	0	0.535	0.986
EEF1G	RPL11	9606.ENSP00000331901	9606.ENSP00000496250	0	0	0	0	0.979	0.173	0	0.334	0.987
EEF1G	RPL18	9606.ENSP00000331901	9606.ENSP00000447001	0	0	0	0	0.981	0	0	0.507	0.990
EEF1G	TPT1	9606.ENSP00000331901	9606.ENSP00000477781	0	0	0	0	0.969	0.617	0	0.478	0.993
EEF1G	RACK1	9606.ENSP00000331901	9606.ENSP00000426909	0	0	0	0	0.991	0.089	0	0.388	0.994
EEF1G	RPLP0	9606.ENSP00000331901	9606.ENSP00000449328	0	0	0	0	0.993	0.122	0	0.379	0.996
EEF1G	EEF1A1	9606.ENSP00000331901	9606.ENSP00000339063	0	0	0	0	0.844	0.921	0.500	0.973	0.999
F2R	FSCN1	9606.ENSP00000321326	9606.ENSP00000371798	0	0	0	0	0.056	0	0	0.428	0.436
FSCN1	PFN1	9606.ENSP00000371798	9606.ENSP00000225655	0	0	0	0	0.097	0	0	0.564	0.590
FSCN1	RPS27A	9606.ENSP00000371798	9606.ENSP00000272317	0	0	0	0	0.057	0.510	0	0.055	0.525
FSCN1	FTH1	9606.ENSP00000371798	9606.ENSP00000273550	0	0	0	0	0.062	0	0	0.401	0.414
FSCN1	F2R	9606.ENSP00000371798	9606.ENSP00000321326	0	0	0	0	0.056	0	0	0.428	0.436
FSCN1	EEF1A1	9606.ENSP00000371798	9606.ENSP00000339063	0	0	0	0	0.047	0	0	0.462	0.465
FSCN1	ACTG1	9606.ENSP00000371798	9606.ENSP00000458162	0	0	0	0	0.093	0.100	0	0.326	0.402
FSCN1	ACTB	9606.ENSP00000371798	9606.ENSP00000494750	0	0	0	0	0.081	0.100	0	0.402	0.462
FTH1	RPS27A	9606.ENSP00000273550	9606.ENSP00000272317	0	0	0	0	0.111	0.301	0	0.112	0.401
FTH1	ALAS2	9606.ENSP00000273550	9606.ENSP00000497236	0.041	0	0	0	0.065	0	0	0.391	0.406
FTH1	FSCN1	9606.ENSP00000273550	9606.ENSP00000371798	0	0	0	0	0.062	0	0	0.401	0.414
FTH1	B2M	9606.ENSP00000273550	9606.ENSP00000497910	0	0	0	0	0.195	0.070	0	0.298	0.428
FTH1	EEF1A1	9606.ENSP00000273550	9606.ENSP00000339063	0	0	0	0	0.158	0	0	0.371	0.448
FTH1	RPS2	9606.ENSP00000273550	9606.ENSP00000341885	0	0.002	0	0	0.106	0	0	0.418	0.457
FTH1	RPS28	9606.ENSP00000273550	9606.ENSP00000472469	0	0	0	0	0.156	0	0	0.394	0.467
FTH1	TPT1	9606.ENSP00000273550	9606.ENSP00000477781	0	0	0	0	0.415	0.083	0	0.140	0.498
FTH1	ACTB	9606.ENSP00000273550	9606.ENSP00000494750	0	0	0	0	0.174	0.091	0	0.445	0.547
FTH1	FTL	9606.ENSP00000273550	9606.ENSP00000366525	0	0	0.062	0.956	0.398	0.831	0.900	0.983	0.999
FTL	RPL18A	9606.ENSP00000366525	9606.ENSP00000222247	0	0	0	0	0.415	0	0	0.044	0.416
FTL	TMSB10	9606.ENSP00000366525	9606.ENSP00000233143	0	0	0	0	0.310	0	0	0.212	0.433
FTL	FTH1	9606.ENSP00000366525	9606.ENSP00000273550	0	0	0.062	0.956	0.398	0.831	0.900	0.983	0.999
FTL	EEF1G	9606.ENSP00000366525	9606.ENSP00000331901	0	0	0	0	0.161	0	0	0.413	0.486
FTL	EEF1A1	9606.ENSP00000366525	9606.ENSP00000339063	0	0	0	0	0.318	0	0	0.321	0.517
FTL	TPT1	9606.ENSP00000366525	9606.ENSP00000477781	0	0	0	0	0.302	0.083	0	0.147	0.406
FTL	RPS16	9606.ENSP00000366525	9606.ENSP00000367806	0	0	0	0	0.246	0.067	0	0.342	0.497
FTL	UBC	9606.ENSP00000366525	9606.ENSP00000441543	0	0	0	0	0.469	0.064	0	0.145	0.538
FTL	ACTB	9606.ENSP00000366525	9606.ENSP00000494750	0	0	0	0	0.315	0.091	0	0.365	0.570
FTL	TMSB4X	9606.ENSP00000366525	9606.ENSP00000370010	0	0	0	0	0.470	0	0	0.228	0.573
FTL	B2M	9606.ENSP00000366525	9606.ENSP00000497910	0	0	0	0	0.253	0.066	0	0.465	0.594
FTL	C19orf12	9606.ENSP00000366525	9606.ENSP00000376103	0	0	0	0	0.042	0	0	0.595	0.595
GGA1	GJC1	9606.ENSP00000371175	9606.ENSP00000467201	0	0	0	0	0.044	0	0	0.423	0.424
GGA1	UBC	9606.ENSP00000371175	9606.ENSP00000441543	0	0	0	0	0.043	0.689	0	0.046	0.691
GJC1	GGA1	9606.ENSP00000467201	9606.ENSP00000371175	0	0	0	0	0.044	0	0	0.423	0.424
H3-3B	AGO2	9606.ENSP00000254810	9606.ENSP00000220592	0	0	0	0	0.049	0.059	0.500	0.418	0.704
H3-3B	PFN1	9606.ENSP00000254810	9606.ENSP00000225655	0	0	0	0	0.072	0.060	0	0.459	0.487
H3-3B	SMARCD3	9606.ENSP00000254810	9606.ENSP00000262188	0	0	0	0	0.054	0.200	0	0.317	0.439
H3-3B	B2M	9606.ENSP00000254810	9606.ENSP00000497910	0	0	0	0	0.128	0.098	0	0.344	0.439
H3-3B	RPS17	9606.ENSP00000254810	9606.ENSP00000498019	0	0	0	0	0.064	0	0	0.433	0.446
H3-3B	CUL4A	9606.ENSP00000254810	9606.ENSP00000364589	0	0	0	0	0.054	0	0	0.442	0.449
H3-3B	CEBPB	9606.ENSP00000254810	9606.ENSP00000305422	0	0	0	0	0.074	0	0	0.456	0.475
H3-3B	EEF1A1	9606.ENSP00000254810	9606.ENSP00000339063	0	0	0	0	0.142	0.070	0	0.406	0.485
H3-3B	RPLP2	9606.ENSP00000254810	9606.ENSP00000431240	0	0	0	0	0.110	0.091	0	0.419	0.489
H3-3B	PPP2CA	9606.ENSP00000254810	9606.ENSP00000418447	0	0	0	0	0.088	0.082	0	0.460	0.508
H3-3B	UBB	9606.ENSP00000254810	9606.ENSP00000478771	0	0	0	0	0.177	0.305	0	0.222	0.517
H3-3B	RPS27A	9606.ENSP00000254810	9606.ENSP00000272317	0	0	0	0	0.129	0.360	0	0.210	0.521
H3-3B	PPP1CA	9606.ENSP00000254810	9606.ENSP00000326031	0	0	0	0	0.081	0.322	0	0.300	0.526
H3-3B	ACTG1	9606.ENSP00000254810	9606.ENSP00000458162	0	0.001	0	0	0.116	0.361	0	0.253	0.541
H3-3B	UBC	9606.ENSP00000254810	9606.ENSP00000441543	0	0	0	0	0.174	0.305	0	0.517	0.699
H3-3B	ACTB	9606.ENSP00000254810	9606.ENSP00000494750	0	0.001	0	0	0.103	0.819	0	0.784	0.962
HBA2	RPS12	9606.ENSP00000251595	9606.ENSP00000230050	0	0	0	0	0	0.127	0.900	0.149	0.919
HBA2	RACK1	9606.ENSP00000251595	9606.ENSP00000426909	0	0	0	0	0	0.097	0.540	0	0.566
HBA2	ALAS2	9606.ENSP00000251595	9606.ENSP00000497236	0	0	0	0	0.388	0	0	0.479	0.668
HBA2	RPS2	9606.ENSP00000251595	9606.ENSP00000341885	0	0	0	0	0	0.095	0.900	0	0.905
HBA2	RPS16	9606.ENSP00000251595	9606.ENSP00000367806	0	0	0	0	0	0.093	0.900	0.055	0.906
HBA2	RPS27A	9606.ENSP00000251595	9606.ENSP00000272317	0	0	0	0	0	0.092	0.900	0.068	0.907
HBA2	RPS17	9606.ENSP00000251595	9606.ENSP00000498019	0	0	0	0	0	0.073	0.900	0.094	0.908
HBA2	RPS4X	9606.ENSP00000251595	9606.ENSP00000362744	0	0	0	0	0	0.071	0.900	0.091	0.908
HBA2	RPS28	9606.ENSP00000251595	9606.ENSP00000472469	0	0	0	0	0.055	0	0.900	0.136	0.911
HBA2	RPS9	9606.ENSP00000251595	9606.ENSP00000375632	0	0	0	0	0	0.097	0.900	0.130	0.914
HBA2	RPS19	9606.ENSP00000251595	9606.ENSP00000470972	0	0	0	0	0	0.097	0.900	0.193	0.920
HBA2	HBB	9606.ENSP00000251595	9606.ENSP00000494175	0	0	0.064	0.897	0.686	0.998	0.900	0.900	0.999
HBB	HBA2	9606.ENSP00000494175	9606.ENSP00000251595	0	0	0.064	0.897	0.686	0.998	0.900	0.900	0.999
HBB	RPS27A	9606.ENSP00000494175	9606.ENSP00000272317	0	0	0	0	0.049	0.071	0.400	0.201	0.519
HBB	UBC	9606.ENSP00000494175	9606.ENSP00000441543	0	0	0	0	0.063	0.070	0.400	0.180	0.513
HBB	UBB	9606.ENSP00000494175	9606.ENSP00000478771	0	0	0	0	0.084	0.070	0.400	0.125	0.492
HBB	ACTB	9606.ENSP00000494175	9606.ENSP00000494750	0	0	0	0	0.072	0.052	0	0.600	0.618
HBB	ALAS2	9606.ENSP00000494175	9606.ENSP00000497236	0	0	0	0	0.451	0	0	0.706	0.831
HLA-A	LILRB3	9606.ENSP00000379873	9606.ENSP00000245620	0	0	0	0	0.156	0.095	0.500	0.223	0.663
HLA-A	TYROBP	9606.ENSP00000379873	9606.ENSP00000262629	0	0	0	0	0.162	0	0	0.406	0.481
HLA-A	HLA-E	9606.ENSP00000379873	9606.ENSP00000365817	0	0	0.051	0.978	0.783	0.217	0.900	0.460	0.989
HLA-A	ACTB	9606.ENSP00000379873	9606.ENSP00000494750	0	0	0	0	0.204	0	0	0.306	0.424
HLA-A	ITGB2	9606.ENSP00000379873	9606.ENSP00000380948	0	0	0	0	0.193	0	0	0.464	0.549
HLA-A	B2M	9606.ENSP00000379873	9606.ENSP00000497910	0	0	0	0	0.747	0.995	0.900	0.998	0.999
HLA-E	LILRB3	9606.ENSP00000365817	9606.ENSP00000245620	0	0	0	0	0.178	0.095	0.500	0.470	0.776
HLA-E	TYROBP	9606.ENSP00000365817	9606.ENSP00000262629	0	0	0	0	0.224	0	0.500	0.720	0.881
HLA-E	HLA-A	9606.ENSP00000365817	9606.ENSP00000379873	0	0	0.051	0.978	0.783	0.217	0.900	0.460	0.989
HLA-E	B2M	9606.ENSP00000365817	9606.ENSP00000497910	0	0	0	0	0.638	0.989	0.900	0.966	0.999
ITGB2	RAC2	9606.ENSP00000380948	9606.ENSP00000249071	0	0	0	0	0.575	0.045	0	0.445	0.755
ITGB2	TYROBP	9606.ENSP00000380948	9606.ENSP00000262629	0	0	0	0	0.921	0	0	0.659	0.972
ITGB2	LAIR1	9606.ENSP00000380948	9606.ENSP00000375622	0	0	0	0	0.345	0	0	0.267	0.500
ITGB2	HLA-A	9606.ENSP00000380948	9606.ENSP00000379873	0	0	0	0	0.193	0	0	0.464	0.549
ITGB2	NCF4	9606.ENSP00000380948	9606.ENSP00000380334	0	0	0	0	0.438	0.099	0	0.326	0.629
ITGB2	RACK1	9606.ENSP00000380948	9606.ENSP00000426909	0	0	0	0	0.060	0.292	0	0.353	0.531
ITGB2	ACTB	9606.ENSP00000380948	9606.ENSP00000494750	0	0	0	0	0.106	0.070	0	0.645	0.679
LAIR1	TYROBP	9606.ENSP00000375622	9606.ENSP00000262629	0	0	0	0	0.269	0	0	0.352	0.506
LAIR1	RPS9	9606.ENSP00000375622	9606.ENSP00000375632	0	0	0	0	0	0	0	0.425	0.425
LAIR1	ITGB2	9606.ENSP00000375622	9606.ENSP00000380948	0	0	0	0	0.345	0	0	0.267	0.500
LILRB3	RPS9	9606.ENSP00000245620	9606.ENSP00000375632	0	0	0	0	0	0	0	0.409	0.409
LILRB3	NCF4	9606.ENSP00000245620	9606.ENSP00000380334	0	0	0	0	0.354	0	0	0.246	0.493
LILRB3	B2M	9606.ENSP00000245620	9606.ENSP00000497910	0	0	0	0	0.116	0	0.500	0.113	0.574
LILRB3	HLA-A	9606.ENSP00000245620	9606.ENSP00000379873	0	0	0	0	0.156	0.095	0.500	0.223	0.663
LILRB3	TYROBP	9606.ENSP00000245620	9606.ENSP00000262629	0	0	0	0	0.486	0	0	0.507	0.735
LILRB3	HLA-E	9606.ENSP00000245620	9606.ENSP00000365817	0	0	0	0	0.178	0.095	0.500	0.470	0.776
NCF4	LILRB3	9606.ENSP00000380334	9606.ENSP00000245620	0	0	0	0	0.354	0	0	0.246	0.493
NCF4	RAC2	9606.ENSP00000380334	9606.ENSP00000249071	0	0	0	0	0.313	0.183	0.800	0.997	0.999
NCF4	TYROBP	9606.ENSP00000380334	9606.ENSP00000262629	0	0	0	0	0.545	0	0	0.139	0.592
NCF4	ITGB2	9606.ENSP00000380334	9606.ENSP00000380948	0	0	0	0	0.438	0.099	0	0.326	0.629
ORC6	UBC	9606.ENSP00000219097	9606.ENSP00000441543	0	0	0	0	0	0	0.500	0	0.499
ORC6	UBB	9606.ENSP00000219097	9606.ENSP00000478771	0	0	0	0	0	0	0.500	0	0.499
ORC6	RPS27A	9606.ENSP00000219097	9606.ENSP00000272317	0	0	0	0	0.042	0	0.500	0	0.500
ORC6	PCLAF	9606.ENSP00000219097	9606.ENSP00000300035	0	0	0	0	0.338	0	0	0.359	0.557
ORC6	SHCBP1	9606.ENSP00000219097	9606.ENSP00000306473	0	0	0	0	0.508	0	0	0.197	0.588
PCLAF	ORC6	9606.ENSP00000300035	9606.ENSP00000219097	0	0	0	0	0.338	0	0	0.359	0.557
PCLAF	RPS27A	9606.ENSP00000300035	9606.ENSP00000272317	0	0	0	0	0.063	0	0.500	0.041	0.511
PCLAF	UBC	9606.ENSP00000300035	9606.ENSP00000441543	0	0	0	0	0	0	0.500	0.041	0.499
PCLAF	UBB	9606.ENSP00000300035	9606.ENSP00000478771	0	0	0	0	0.042	0	0.500	0.041	0.500
PCLAF	SHCBP1	9606.ENSP00000300035	9606.ENSP00000306473	0	0	0	0	0.544	0	0	0.188	0.614
PFN1	TPT1	9606.ENSP00000225655	9606.ENSP00000477781	0	0	0	0	0.169	0.071	0	0.306	0.417
PFN1	RPS27A	9606.ENSP00000225655	9606.ENSP00000272317	0	0	0	0	0.141	0.306	0	0.131	0.437
PFN1	PPP1CA	9606.ENSP00000225655	9606.ENSP00000326031	0	0	0	0	0.445	0	0	0.077	0.466
PFN1	H3-3B	9606.ENSP00000225655	9606.ENSP00000254810	0	0	0	0	0.072	0.060	0	0.459	0.487
PFN1	RAC2	9606.ENSP00000225655	9606.ENSP00000249071	0	0	0	0	0.275	0.098	0	0.364	0.548
PFN1	ROCK2	9606.ENSP00000225655	9606.ENSP00000317985	0	0	0	0	0.049	0.105	0	0.513	0.549
PFN1	FSCN1	9606.ENSP00000225655	9606.ENSP00000371798	0	0	0	0	0.097	0	0	0.564	0.590
PFN1	TMSB10	9606.ENSP00000225655	9606.ENSP00000233143	0	0	0	0	0.285	0.271	0	0.334	0.623
PFN1	EEF1A1	9606.ENSP00000225655	9606.ENSP00000339063	0	0	0	0	0.107	0	0	0.728	0.747
PFN1	TMSB4X	9606.ENSP00000225655	9606.ENSP00000370010	0	0	0	0	0.227	0.080	0	0.948	0.959
PFN1	ACTG1	9606.ENSP00000225655	9606.ENSP00000458162	0	0	0	0	0.252	0.301	0.900	0.871	0.992
PFN1	ACTB	9606.ENSP00000225655	9606.ENSP00000494750	0	0	0	0	0.485	0.972	0.900	0.992	0.999
PPP1CA	PFN1	9606.ENSP00000326031	9606.ENSP00000225655	0	0	0	0	0.445	0	0	0.077	0.466
PPP1CA	H3-3B	9606.ENSP00000326031	9606.ENSP00000254810	0	0	0	0	0.081	0.322	0	0.300	0.526
PPP1CA	ROCK2	9606.ENSP00000326031	9606.ENSP00000317985	0	0	0	0	0.052	0.091	0.900	0.155	0.917
PPP1CA	EEF1A1	9606.ENSP00000326031	9606.ENSP00000339063	0	0	0	0	0.138	0	0	0.413	0.473
PPP1CA	ACTG1	9606.ENSP00000326031	9606.ENSP00000458162	0	0	0.279	0	0.176	0.095	0	0.154	0.484
PPP1CA	RPL3	9606.ENSP00000326031	9606.ENSP00000346001	0	0	0	0	0.136	0.426	0	0.045	0.485
PPP1CA	PPP2CA	9606.ENSP00000326031	9606.ENSP00000418447	0	0	0.060	0.927	0.223	0.076	0	0.365	0.515
PPP1CA	RPLP0	9606.ENSP00000326031	9606.ENSP00000449328	0	0	0	0	0.197	0.567	0	0.145	0.677
PPP1CA	ACTB	9606.ENSP00000326031	9606.ENSP00000494750	0	0	0.280	0	0.265	0.447	0	0.351	0.785
PPP2CA	H3-3B	9606.ENSP00000418447	9606.ENSP00000254810	0	0	0	0	0.088	0.082	0	0.460	0.508
PPP2CA	RPS27A	9606.ENSP00000418447	9606.ENSP00000272317	0	0	0	0	0.126	0.070	0.500	0.093	0.582
PPP2CA	RPL4	9606.ENSP00000418447	9606.ENSP00000311430	0	0	0	0	0.182	0.062	0	0.448	0.539
PPP2CA	PPP1CA	9606.ENSP00000418447	9606.ENSP00000326031	0	0	0.060	0.927	0.223	0.076	0	0.365	0.515
PPP2CA	RPL3	9606.ENSP00000418447	9606.ENSP00000346001	0	0	0	0	0.115	0.149	0	0.349	0.467
PPP2CA	RACK1	9606.ENSP00000418447	9606.ENSP00000426909	0	0	0	0	0.198	0.327	0	0.194	0.528
PPP2CA	UBC	9606.ENSP00000418447	9606.ENSP00000441543	0	0	0	0	0.099	0.070	0.500	0.075	0.560
PPP2CA	ACTB	9606.ENSP00000418447	9606.ENSP00000494750	0	0	0.216	0	0.075	0.095	0	0.418	0.567
PPP2CA	UBB	9606.ENSP00000418447	9606.ENSP00000478771	0	0	0	0	0.138	0.070	0.500	0.054	0.570
PSAP	B2M	9606.ENSP00000378394	9606.ENSP00000497910	0	0	0	0	0.170	0	0	0.419	0.497
PSMD12	RPS12	9606.ENSP00000348442	9606.ENSP00000230050	0	0	0	0	0.403	0	0	0	0.403
PSMD12	RPS27A	9606.ENSP00000348442	9606.ENSP00000272317	0	0	0	0	0.257	0.915	0.500	0.158	0.970
PSMD12	EEF1G	9606.ENSP00000348442	9606.ENSP00000331901	0	0	0	0	0.427	0	0	0.189	0.515
PSMD12	EEF1A1	9606.ENSP00000348442	9606.ENSP00000339063	0	0	0	0	0.544	0	0	0.075	0.560
PSMD12	RPS2	9606.ENSP00000348442	9606.ENSP00000341885	0	0	0	0	0.532	0.097	0	0.079	0.577
PSMD12	RPL18	9606.ENSP00000348442	9606.ENSP00000447001	0	0	0	0	0.382	0	0	0.095	0.417
PSMD12	RPL11	9606.ENSP00000348442	9606.ENSP00000496250	0	0	0	0	0.344	0	0	0.209	0.459
PSMD12	RPS16	9606.ENSP00000348442	9606.ENSP00000367806	0	0	0	0	0.471	0	0	0	0.471
PSMD12	RPS4X	9606.ENSP00000348442	9606.ENSP00000362744	0	0	0	0	0.478	0	0	0.104	0.512
PSMD12	RACK1	9606.ENSP00000348442	9606.ENSP00000426909	0	0	0	0	0.530	0	0	0	0.530
PSMD12	RPS9	9606.ENSP00000348442	9606.ENSP00000375632	0	0	0	0	0.483	0	0	0.146	0.540
PSMD12	RPLP0	9606.ENSP00000348442	9606.ENSP00000449328	0	0	0	0	0.419	0	0	0.264	0.554
PSMD12	UBB	9606.ENSP00000348442	9606.ENSP00000478771	0	0	0	0	0.051	0.882	0.500	0.265	0.953
PSMD12	UBC	9606.ENSP00000348442	9606.ENSP00000441543	0	0	0	0	0.065	0.894	0.500	0.263	0.958
RAC2	PFN1	9606.ENSP00000249071	9606.ENSP00000225655	0	0	0	0	0.275	0.098	0	0.364	0.548
RAC2	TYROBP	9606.ENSP00000249071	9606.ENSP00000262629	0	0	0	0	0.265	0	0	0.222	0.404
RAC2	ROCK2	9606.ENSP00000249071	9606.ENSP00000317985	0	0	0	0	0.109	0.110	0	0.342	0.433
RAC2	ACTB	9606.ENSP00000249071	9606.ENSP00000494750	0	0	0	0	0.172	0.259	0	0.376	0.584
RAC2	ITGB2	9606.ENSP00000249071	9606.ENSP00000380948	0	0	0	0	0.575	0.045	0	0.445	0.755
RAC2	NCF4	9606.ENSP00000249071	9606.ENSP00000380334	0	0	0	0	0.313	0.183	0.800	0.997	0.999
RACK1	AGO2	9606.ENSP00000426909	9606.ENSP00000220592	0	0	0	0	0.049	0.345	0	0.222	0.474
RACK1	RPL18A	9606.ENSP00000426909	9606.ENSP00000222247	0	0	0	0	0.991	0.997	0	0.481	0.999
RACK1	RPL19	9606.ENSP00000426909	9606.ENSP00000225430	0	0	0	0	0.981	0.997	0	0.288	0.999
RACK1	RPS12	9606.ENSP00000426909	9606.ENSP00000230050	0	0	0	0	0.991	0.997	0.540	0.396	0.999
RACK1	HBA2	9606.ENSP00000426909	9606.ENSP00000251595	0	0	0	0	0	0.097	0.540	0	0.566
RACK1	RPS27A	9606.ENSP00000426909	9606.ENSP00000272317	0	0	0	0	0.920	0.997	0.540	0.282	0.999
RACK1	RPL13	9606.ENSP00000426909	9606.ENSP00000307889	0	0	0	0	0.991	0.997	0	0.134	0.999
RACK1	RPL38	9606.ENSP00000426909	9606.ENSP00000309830	0	0	0	0	0.921	0.997	0	0.537	0.999
RACK1	RPL4	9606.ENSP00000426909	9606.ENSP00000311430	0	0	0	0	0.993	0.997	0	0.395	0.999
RACK1	EEF1G	9606.ENSP00000426909	9606.ENSP00000331901	0	0	0	0	0.991	0.089	0	0.388	0.994
RACK1	EEF1A1	9606.ENSP00000426909	9606.ENSP00000339063	0	0	0	0	0.862	0.839	0	0.749	0.993
RACK1	RPS2	9606.ENSP00000426909	9606.ENSP00000341885	0	0	0	0	0.991	0.997	0.540	0.713	0.999
RACK1	RPL3	9606.ENSP00000426909	9606.ENSP00000346001	0	0	0	0	0.961	0.993	0	0.279	0.999
RACK1	RPLP1	9606.ENSP00000426909	9606.ENSP00000346037	0	0	0	0	0.984	0.970	0	0.230	0.999
RACK1	PSMD12	9606.ENSP00000426909	9606.ENSP00000348442	0	0	0	0	0.530	0	0	0	0.530
RACK1	RPS4X	9606.ENSP00000426909	9606.ENSP00000362744	0	0	0	0	0.954	0.991	0.540	0.169	0.999
RACK1	RPS16	9606.ENSP00000426909	9606.ENSP00000367806	0	0	0	0	0.982	0.997	0.540	0.316	0.999
RACK1	RPS9	9606.ENSP00000426909	9606.ENSP00000375632	0	0	0	0	0.990	0.997	0.540	0.404	0.999
RACK1	RPL24	9606.ENSP00000426909	9606.ENSP00000377640	0	0	0	0	0.981	0.997	0	0.101	0.999
RACK1	ITGB2	9606.ENSP00000426909	9606.ENSP00000380948	0	0	0	0	0.060	0.292	0	0.353	0.531
RACK1	PPP2CA	9606.ENSP00000426909	9606.ENSP00000418447	0	0	0	0	0.198	0.327	0	0.194	0.528
RACK1	ACTG1	9606.ENSP00000426909	9606.ENSP00000458162	0	0	0	0	0.341	0.095	0	0.238	0.506
RACK1	UBB	9606.ENSP00000426909	9606.ENSP00000478771	0	0	0	0	0.254	0.405	0	0.216	0.622
RACK1	ACTB	9606.ENSP00000426909	9606.ENSP00000494750	0	0	0	0	0.223	0.270	0	0.410	0.636
RACK1	UBC	9606.ENSP00000426909	9606.ENSP00000441543	0	0	0	0	0.342	0.405	0	0.176	0.649
RACK1	TPT1	9606.ENSP00000426909	9606.ENSP00000477781	0	0	0	0	0.971	0.459	0	0.314	0.988
RACK1	RPLP2	9606.ENSP00000426909	9606.ENSP00000431240	0	0	0	0	0.989	0.966	0	0.191	0.999
RACK1	RPLP0	9606.ENSP00000426909	9606.ENSP00000449328	0	0	0	0	0.992	0.992	0	0.411	0.999
RACK1	RPS28	9606.ENSP00000426909	9606.ENSP00000472469	0	0	0	0	0.968	0.997	0.540	0.428	0.999
RACK1	RPS17	9606.ENSP00000426909	9606.ENSP00000498019	0	0	0	0	0.868	0.997	0.540	0.585	0.999
RACK1	RPL11	9606.ENSP00000426909	9606.ENSP00000496250	0	0	0	0	0.991	0.997	0	0.365	0.999
RACK1	RPL18	9606.ENSP00000426909	9606.ENSP00000447001	0	0	0	0	0.992	0.997	0	0.290	0.999
RACK1	RPS19	9606.ENSP00000426909	9606.ENSP00000470972	0	0	0	0	0.982	0.997	0.540	0.274	0.999
ROCK2	PFN1	9606.ENSP00000317985	9606.ENSP00000225655	0	0	0	0	0.049	0.105	0	0.513	0.549
ROCK2	RAC2	9606.ENSP00000317985	9606.ENSP00000249071	0	0	0	0	0.109	0.110	0	0.342	0.433
ROCK2	ACTB	9606.ENSP00000317985	9606.ENSP00000494750	0	0	0	0	0.081	0.070	0	0.402	0.445
ROCK2	PPP1CA	9606.ENSP00000317985	9606.ENSP00000326031	0	0	0	0	0.052	0.091	0.900	0.155	0.917
RPL11	AGO2	9606.ENSP00000496250	9606.ENSP00000220592	0	0	0	0	0.057	0.292	0	0.177	0.402
RPL11	RPL18A	9606.ENSP00000496250	9606.ENSP00000222247	0	0	0	0	0.991	0.995	0.900	0.604	0.999
RPL11	RPL19	9606.ENSP00000496250	9606.ENSP00000225430	0.231	0	0	0	0.994	0.995	0.900	0.678	0.999
RPL11	RPS12	9606.ENSP00000496250	9606.ENSP00000230050	0.075	0	0	0	0.993	0.994	0	0.338	0.999
RPL11	RPS27A	9606.ENSP00000496250	9606.ENSP00000272317	0	0	0	0	0.992	0.993	0	0.688	0.999
RPL11	RPL13	9606.ENSP00000496250	9606.ENSP00000307889	0	0	0	0	0.991	0.995	0	0.342	0.999
RPL11	RPL38	9606.ENSP00000496250	9606.ENSP00000309830	0	0	0	0	0.980	0.994	0.900	0.784	0.999
RPL11	RPL4	9606.ENSP00000496250	9606.ENSP00000311430	0.115	0	0	0	0.991	0.996	0	0.814	0.999
RPL11	EEF1G	9606.ENSP00000496250	9606.ENSP00000331901	0	0	0	0	0.979	0.173	0	0.334	0.987
RPL11	EEF1A1	9606.ENSP00000496250	9606.ENSP00000339063	0	0.015	0	0	0.749	0.834	0.500	0.457	0.987
RPL11	RPS2	9606.ENSP00000496250	9606.ENSP00000341885	0.120	0	0	0	0.991	0.994	0	0.785	0.999
RPL11	RPL3	9606.ENSP00000496250	9606.ENSP00000346001	0.115	0	0	0	0.961	0.994	0	0.803	0.999
RPL11	RPLP1	9606.ENSP00000496250	9606.ENSP00000346037	0	0	0	0	0.991	0.963	0	0.562	0.999
RPL11	PSMD12	9606.ENSP00000496250	9606.ENSP00000348442	0	0	0	0	0.344	0	0	0.209	0.459
RPL11	RPS4X	9606.ENSP00000496250	9606.ENSP00000362744	0.115	0	0	0	0.955	0.980	0	0.468	0.999
RPL11	RPS16	9606.ENSP00000496250	9606.ENSP00000367806	0.115	0	0	0	0.991	0.995	0	0.739	0.999
RPL11	RPS9	9606.ENSP00000496250	9606.ENSP00000375632	0.120	0	0	0	0.991	0.993	0	0.646	0.999
RPL11	RPL24	9606.ENSP00000496250	9606.ENSP00000377640	0	0	0	0	0.991	0.995	0.900	0.390	0.999
RPL11	RACK1	9606.ENSP00000496250	9606.ENSP00000426909	0	0	0	0	0.991	0.997	0	0.365	0.999
RPL11	RPLP2	9606.ENSP00000496250	9606.ENSP00000431240	0	0	0	0	0.985	0.959	0	0.697	0.999
RPL11	UBC	9606.ENSP00000496250	9606.ENSP00000441543	0	0	0	0	0.378	0.492	0	0.108	0.694
RPL11	RPL18	9606.ENSP00000496250	9606.ENSP00000447001	0.054	0	0	0	0.991	0.995	0.900	0.691	0.999
RPL11	RPLP0	9606.ENSP00000496250	9606.ENSP00000449328	0.120	0	0	0	0.991	0.995	0	0.706	0.999
RPL11	RPS19	9606.ENSP00000496250	9606.ENSP00000470972	0	0	0	0	0.991	0.994	0	0.928	0.999
RPL11	RPS28	9606.ENSP00000496250	9606.ENSP00000472469	0	0	0	0	0.991	0.993	0.900	0.717	0.999
RPL11	TPT1	9606.ENSP00000496250	9606.ENSP00000477781	0	0	0	0	0.957	0.128	0	0.044	0.961
RPL11	UBB	9606.ENSP00000496250	9606.ENSP00000478771	0	0	0	0	0.379	0.492	0	0.343	0.774
RPL11	ACTB	9606.ENSP00000496250	9606.ENSP00000494750	0	0	0	0	0.073	0.236	0	0.354	0.503
RPL11	RPS17	9606.ENSP00000496250	9606.ENSP00000498019	0	0	0	0	0.991	0.991	0	0.888	0.999
RPL13	RPL18A	9606.ENSP00000307889	9606.ENSP00000222247	0	0	0	0	0.991	0.993	0	0.348	0.999
RPL13	RPL19	9606.ENSP00000307889	9606.ENSP00000225430	0	0	0	0	0.991	0.996	0	0.467	0.999
RPL13	RPS12	9606.ENSP00000307889	9606.ENSP00000230050	0	0	0	0	0.985	0.993	0	0.233	0.999
RPL13	RPS27A	9606.ENSP00000307889	9606.ENSP00000272317	0	0	0	0	0.954	0.991	0	0.416	0.999
RPL13	ACTB	9606.ENSP00000307889	9606.ENSP00000494750	0	0	0	0	0.146	0.066	0	0.316	0.407
RPL13	UBB	9606.ENSP00000307889	9606.ENSP00000478771	0	0	0	0	0.311	0.488	0	0.115	0.660
RPL13	UBC	9606.ENSP00000307889	9606.ENSP00000441543	0	0	0	0	0.296	0.488	0	0.194	0.684
RPL13	TPT1	9606.ENSP00000307889	9606.ENSP00000477781	0	0	0	0	0.947	0.238	0	0.091	0.960
RPL13	EEF1G	9606.ENSP00000307889	9606.ENSP00000331901	0	0	0	0	0.978	0	0	0	0.978
RPL13	EEF1A1	9606.ENSP00000307889	9606.ENSP00000339063	0	0	0	0	0.761	0.867	0.500	0.503	0.991
RPL13	RPL11	9606.ENSP00000307889	9606.ENSP00000496250	0	0	0	0	0.991	0.995	0	0.342	0.999
RPL13	RPL18	9606.ENSP00000307889	9606.ENSP00000447001	0	0	0	0	0.991	0.996	0	0.381	0.999
RPL13	RPS19	9606.ENSP00000307889	9606.ENSP00000470972	0	0	0	0	0.991	0.993	0	0.493	0.999
RPL13	RACK1	9606.ENSP00000307889	9606.ENSP00000426909	0	0	0	0	0.991	0.997	0	0.134	0.999
RPL13	RPS16	9606.ENSP00000307889	9606.ENSP00000367806	0	0	0	0	0.991	0.995	0	0.420	0.999
RPL13	RPS17	9606.ENSP00000307889	9606.ENSP00000498019	0	0	0	0	0.946	0.991	0	0.276	0.999
RPL13	RPS4X	9606.ENSP00000307889	9606.ENSP00000362744	0	0	0	0	0.955	0.981	0	0.326	0.999
RPL13	RPL4	9606.ENSP00000307889	9606.ENSP00000311430	0	0	0	0	0.991	0.996	0	0.340	0.999
RPL13	RPLP1	9606.ENSP00000307889	9606.ENSP00000346037	0	0	0	0	0.992	0.993	0	0.331	0.999
RPL13	RPS28	9606.ENSP00000307889	9606.ENSP00000472469	0	0	0	0	0.979	0.992	0	0.349	0.999
RPL13	RPS2	9606.ENSP00000307889	9606.ENSP00000341885	0	0	0	0	0.991	0.996	0	0.404	0.999
RPL13	RPL24	9606.ENSP00000307889	9606.ENSP00000377640	0	0	0	0	0.982	0.995	0	0.424	0.999
RPL13	RPL3	9606.ENSP00000307889	9606.ENSP00000346001	0	0	0	0	0.960	0.992	0	0.427	0.999
RPL13	RPLP2	9606.ENSP00000307889	9606.ENSP00000431240	0	0	0	0	0.991	0.955	0	0.136	0.999
RPL13	RPS9	9606.ENSP00000307889	9606.ENSP00000375632	0	0	0	0	0.990	0.994	0	0.381	0.999
RPL13	RPL38	9606.ENSP00000307889	9606.ENSP00000309830	0	0	0	0	0.965	0.993	0	0.155	0.999
RPL13	RPLP0	9606.ENSP00000307889	9606.ENSP00000449328	0	0	0	0	0.991	0.995	0	0.425	0.999
RPL18	RPL18A	9606.ENSP00000447001	9606.ENSP00000222247	0	0	0	0	0.994	0.995	0.900	0.505	0.999
RPL18	RPL19	9606.ENSP00000447001	9606.ENSP00000225430	0.057	0	0	0	0.992	0.995	0.900	0.666	0.999
RPL18	RPS12	9606.ENSP00000447001	9606.ENSP00000230050	0.098	0	0	0	0.992	0.995	0	0.630	0.999
RPL18	TMSB10	9606.ENSP00000447001	9606.ENSP00000233143	0	0	0	0	0.253	0	0	0.277	0.437
RPL18	RPS27A	9606.ENSP00000447001	9606.ENSP00000272317	0	0	0	0	0.955	0.992	0	0.329	0.999
RPL18	RPL13	9606.ENSP00000447001	9606.ENSP00000307889	0	0	0	0	0.991	0.996	0	0.381	0.999
RPL18	RPL38	9606.ENSP00000447001	9606.ENSP00000309830	0	0	0	0	0.903	0.995	0.900	0.413	0.999
RPL18	RPL4	9606.ENSP00000447001	9606.ENSP00000311430	0.115	0	0	0	0.991	0.995	0	0.736	0.999
RPL18	EEF1G	9606.ENSP00000447001	9606.ENSP00000331901	0	0	0	0	0.981	0	0	0.507	0.990
RPL18	EEF1A1	9606.ENSP00000447001	9606.ENSP00000339063	0	0	0	0	0.777	0.834	0.500	0.478	0.989
RPL18	RPS2	9606.ENSP00000447001	9606.ENSP00000341885	0.057	0	0	0	0.991	0.994	0	0.665	0.999
RPL18	RPL3	9606.ENSP00000447001	9606.ENSP00000346001	0.041	0	0	0	0.959	0.995	0	0.785	0.999
RPL18	RPLP1	9606.ENSP00000447001	9606.ENSP00000346037	0	0	0	0	0.985	0.989	0	0.481	0.999
RPL18	PSMD12	9606.ENSP00000447001	9606.ENSP00000348442	0	0	0	0	0.382	0	0	0.095	0.417
RPL18	RPS4X	9606.ENSP00000447001	9606.ENSP00000362744	0.045	0	0	0	0.954	0.972	0	0.592	0.999
RPL18	RPS16	9606.ENSP00000447001	9606.ENSP00000367806	0.115	0	0	0	0.987	0.995	0	0.666	0.999
RPL18	RPS9	9606.ENSP00000447001	9606.ENSP00000375632	0.120	0	0	0	0.991	0.995	0	0.681	0.999
RPL18	RPL24	9606.ENSP00000447001	9606.ENSP00000377640	0.076	0	0	0	0.985	0.995	0.900	0.353	0.999
RPL18	RACK1	9606.ENSP00000447001	9606.ENSP00000426909	0	0	0	0	0.992	0.997	0	0.290	0.999
RPL18	RPLP2	9606.ENSP00000447001	9606.ENSP00000431240	0	0	0	0	0.977	0.989	0	0.395	0.999
RPL18	UBC	9606.ENSP00000447001	9606.ENSP00000441543	0	0	0	0	0.274	0.495	0	0.131	0.654
RPL18	ACTB	9606.ENSP00000447001	9606.ENSP00000494750	0	0	0	0	0.140	0.227	0	0.320	0.508
RPL18	UBB	9606.ENSP00000447001	9606.ENSP00000478771	0	0	0	0	0.202	0.495	0	0.089	0.600
RPL18	TPT1	9606.ENSP00000447001	9606.ENSP00000477781	0	0	0	0	0.920	0.328	0	0.090	0.947
RPL18	RPLP0	9606.ENSP00000447001	9606.ENSP00000449328	0	0	0	0	0.984	0.995	0	0.739	0.999
RPL18	RPS19	9606.ENSP00000447001	9606.ENSP00000470972	0	0	0	0	0.981	0.994	0	0.731	0.999
RPL18	RPL11	9606.ENSP00000447001	9606.ENSP00000496250	0.054	0	0	0	0.991	0.995	0.900	0.691	0.999
RPL18	RPS28	9606.ENSP00000447001	9606.ENSP00000472469	0.113	0	0	0	0.975	0.992	0.900	0.713	0.999
RPL18	RPS17	9606.ENSP00000447001	9606.ENSP00000498019	0	0	0	0	0.942	0.992	0	0.715	0.999
RPL18A	FTL	9606.ENSP00000222247	9606.ENSP00000366525	0	0	0	0	0.415	0	0	0.044	0.416
RPL18A	UBB	9606.ENSP00000222247	9606.ENSP00000478771	0	0	0	0	0.270	0.496	0	0.101	0.640
RPL18A	UBC	9606.ENSP00000222247	9606.ENSP00000441543	0	0	0	0	0.341	0.496	0	0.052	0.657
RPL18A	TPT1	9606.ENSP00000222247	9606.ENSP00000477781	0	0	0	0	0.924	0.310	0	0	0.945
RPL18A	EEF1G	9606.ENSP00000222247	9606.ENSP00000331901	0	0	0	0	0.980	0.067	0	0.247	0.985
RPL18A	EEF1A1	9606.ENSP00000222247	9606.ENSP00000339063	0	0	0	0	0.853	0.915	0.500	0.545	0.996
RPL18A	RPLP2	9606.ENSP00000222247	9606.ENSP00000431240	0	0	0	0	0.981	0.939	0	0.709	0.999
RPL18A	RPS9	9606.ENSP00000222247	9606.ENSP00000375632	0	0	0	0	0.991	0.992	0	0.353	0.999
RPL18A	RPL38	9606.ENSP00000222247	9606.ENSP00000309830	0	0	0	0	0.988	0.993	0.900	0.265	0.999
RPL18A	RPLP0	9606.ENSP00000222247	9606.ENSP00000449328	0.120	0	0	0	0.987	0.994	0	0.336	0.999
RPL18A	RPS27A	9606.ENSP00000222247	9606.ENSP00000272317	0	0	0	0	0.980	0.992	0	0.492	0.999
RPL18A	RPL3	9606.ENSP00000222247	9606.ENSP00000346001	0	0	0	0	0.960	0.995	0	0.558	0.999
RPL18A	RPS17	9606.ENSP00000222247	9606.ENSP00000498019	0	0	0	0	0.946	0.991	0	0.338	0.999
RPL18A	RPLP1	9606.ENSP00000222247	9606.ENSP00000346037	0.163	0	0	0	0.983	0.985	0	0.388	0.999
RPL18A	RPS4X	9606.ENSP00000222247	9606.ENSP00000362744	0	0	0	0	0.954	0.974	0	0.598	0.999
RPL18A	RPL4	9606.ENSP00000222247	9606.ENSP00000311430	0	0	0	0	0.985	0.996	0	0.569	0.999
RPL18A	RPS28	9606.ENSP00000222247	9606.ENSP00000472469	0	0	0	0	0.980	0.991	0.900	0.640	0.999
RPL18A	RPL24	9606.ENSP00000222247	9606.ENSP00000377640	0	0	0	0	0.991	0.995	0.900	0.446	0.999
RPL18A	RPS2	9606.ENSP00000222247	9606.ENSP00000341885	0	0	0	0	0.991	0.993	0	0.748	0.999
RPL18A	RPL11	9606.ENSP00000222247	9606.ENSP00000496250	0	0	0	0	0.991	0.995	0.900	0.604	0.999
RPL18A	RPL18	9606.ENSP00000222247	9606.ENSP00000447001	0	0	0	0	0.994	0.995	0.900	0.505	0.999
RPL18A	RPL13	9606.ENSP00000222247	9606.ENSP00000307889	0	0	0	0	0.991	0.993	0	0.348	0.999
RPL18A	RPS19	9606.ENSP00000222247	9606.ENSP00000470972	0.231	0	0	0	0.993	0.993	0	0.458	0.999
RPL18A	RACK1	9606.ENSP00000222247	9606.ENSP00000426909	0	0	0	0	0.991	0.997	0	0.481	0.999
RPL18A	RPL19	9606.ENSP00000222247	9606.ENSP00000225430	0	0.648	0	0	0.993	0.993	0.900	0.520	0.999
RPL18A	RPS16	9606.ENSP00000222247	9606.ENSP00000367806	0	0	0	0	0.994	0.994	0	0.688	0.999
RPL18A	RPS12	9606.ENSP00000222247	9606.ENSP00000230050	0	0	0	0	0.989	0.994	0	0.176	0.999
RPL19	RPL18A	9606.ENSP00000225430	9606.ENSP00000222247	0	0.648	0	0	0.993	0.993	0.900	0.520	0.999
RPL19	TMSB10	9606.ENSP00000225430	9606.ENSP00000233143	0	0	0	0	0.360	0	0	0.117	0.411
RPL19	B2M	9606.ENSP00000225430	9606.ENSP00000497910	0	0	0	0	0.204	0	0	0.460	0.552
RPL19	ACTB	9606.ENSP00000225430	9606.ENSP00000494750	0	0	0	0	0.178	0.091	0	0.584	0.662
RPL19	UBC	9606.ENSP00000225430	9606.ENSP00000441543	0	0	0	0	0.476	0.496	0	0.204	0.771
RPL19	UBB	9606.ENSP00000225430	9606.ENSP00000478771	0	0	0	0	0.519	0.496	0	0.150	0.776
RPL19	TPT1	9606.ENSP00000225430	9606.ENSP00000477781	0	0	0	0	0.950	0.106	0	0.102	0.956
RPL19	EEF1A1	9606.ENSP00000225430	9606.ENSP00000339063	0	0	0	0	0.699	0.800	0.500	0.513	0.983
RPL19	EEF1G	9606.ENSP00000225430	9606.ENSP00000331901	0	0	0	0	0.981	0.183	0	0.612	0.993
RPL19	RPS2	9606.ENSP00000225430	9606.ENSP00000341885	0.120	0	0	0	0.991	0.995	0	0.644	0.999
RPL19	RPL24	9606.ENSP00000225430	9606.ENSP00000377640	0	0	0	0	0.991	0.995	0.900	0.388	0.999
RPL19	RPS17	9606.ENSP00000225430	9606.ENSP00000498019	0	0	0	0	0.979	0.992	0	0.895	0.999
RPL19	RPS4X	9606.ENSP00000225430	9606.ENSP00000362744	0.115	0	0	0	0.955	0.981	0	0.716	0.999
RPL19	RPL4	9606.ENSP00000225430	9606.ENSP00000311430	0.052	0	0	0	0.991	0.995	0	0.770	0.999
RPL19	RPLP1	9606.ENSP00000225430	9606.ENSP00000346037	0	0	0	0	0.991	0.992	0	0.558	0.999
RPL19	RPS28	9606.ENSP00000225430	9606.ENSP00000472469	0	0	0	0	0.991	0.993	0.900	0.574	0.999
RPL19	RPS19	9606.ENSP00000225430	9606.ENSP00000470972	0	0	0	0	0.987	0.996	0	0.645	0.999
RPL19	RACK1	9606.ENSP00000225430	9606.ENSP00000426909	0	0	0	0	0.981	0.997	0	0.288	0.999
RPL19	RPS16	9606.ENSP00000225430	9606.ENSP00000367806	0.052	0	0	0	0.991	0.995	0	0.606	0.999
RPL19	RPS12	9606.ENSP00000225430	9606.ENSP00000230050	0	0	0	0	0.982	0.995	0	0.269	0.999
RPL19	RPL11	9606.ENSP00000225430	9606.ENSP00000496250	0.231	0	0	0	0.994	0.995	0.900	0.678	0.999
RPL19	RPL18	9606.ENSP00000225430	9606.ENSP00000447001	0.057	0	0	0	0.992	0.995	0.900	0.666	0.999
RPL19	RPL13	9606.ENSP00000225430	9606.ENSP00000307889	0	0	0	0	0.991	0.996	0	0.467	0.999
RPL19	RPLP0	9606.ENSP00000225430	9606.ENSP00000449328	0	0	0	0	0.994	0.995	0	0.672	0.999
RPL19	RPS27A	9606.ENSP00000225430	9606.ENSP00000272317	0	0	0	0	0.990	0.992	0	0.274	0.999
RPL19	RPLP2	9606.ENSP00000225430	9606.ENSP00000431240	0	0	0	0	0.978	0.989	0	0.569	0.999
RPL19	RPS9	9606.ENSP00000225430	9606.ENSP00000375632	0.116	0	0	0	0.990	0.995	0	0.780	0.999
RPL19	RPL38	9606.ENSP00000225430	9606.ENSP00000309830	0	0	0	0	0.975	0.994	0.900	0.714	0.999
RPL19	RPL3	9606.ENSP00000225430	9606.ENSP00000346001	0.115	0	0	0	0.962	0.995	0	0.669	0.999
RPL24	RPL18A	9606.ENSP00000377640	9606.ENSP00000222247	0	0	0	0	0.991	0.995	0.900	0.446	0.999
RPL24	RPL19	9606.ENSP00000377640	9606.ENSP00000225430	0	0	0	0	0.991	0.995	0.900	0.388	0.999
RPL24	RPS12	9606.ENSP00000377640	9606.ENSP00000230050	0.099	0	0	0	0.999	0.995	0	0.363	0.999
RPL24	RPS27A	9606.ENSP00000377640	9606.ENSP00000272317	0	0	0	0	0.991	0.992	0	0.145	0.999
RPL24	RPL13	9606.ENSP00000377640	9606.ENSP00000307889	0	0	0	0	0.982	0.995	0	0.424	0.999
RPL24	RPL38	9606.ENSP00000377640	9606.ENSP00000309830	0	0	0	0	0.985	0.993	0.900	0.491	0.999
RPL24	RPL4	9606.ENSP00000377640	9606.ENSP00000311430	0.042	0	0	0	0.990	0.995	0	0.423	0.999
RPL24	EEF1G	9606.ENSP00000377640	9606.ENSP00000331901	0	0	0	0	0.887	0.096	0	0.283	0.921
RPL24	EEF1A1	9606.ENSP00000377640	9606.ENSP00000339063	0	0	0	0	0.620	0.841	0.500	0.113	0.969
RPL24	RPS2	9606.ENSP00000377640	9606.ENSP00000341885	0	0	0	0	0.985	0.995	0	0.316	0.999
RPL24	RPL3	9606.ENSP00000377640	9606.ENSP00000346001	0	0	0	0	0.956	0.993	0	0.391	0.999
RPL24	RPLP1	9606.ENSP00000377640	9606.ENSP00000346037	0	0	0	0	0.979	0.983	0	0.239	0.999
RPL24	RPS4X	9606.ENSP00000377640	9606.ENSP00000362744	0	0	0	0	0.954	0.974	0	0.442	0.999
RPL24	RPS16	9606.ENSP00000377640	9606.ENSP00000367806	0.042	0	0	0	0.991	0.995	0	0.310	0.999
RPL24	RPS9	9606.ENSP00000377640	9606.ENSP00000375632	0	0	0	0	0.988	0.993	0	0.308	0.999
RPL24	UBB	9606.ENSP00000377640	9606.ENSP00000478771	0	0	0	0	0.374	0.496	0	0	0.671
RPL24	UBC	9606.ENSP00000377640	9606.ENSP00000441543	0	0	0	0	0.369	0.511	0	0	0.678
RPL24	TPT1	9606.ENSP00000377640	9606.ENSP00000477781	0	0	0	0	0.924	0.129	0	0	0.931
RPL24	RPS28	9606.ENSP00000377640	9606.ENSP00000472469	0.231	0	0	0	0.979	0.992	0.900	0.453	0.999
RPL24	RPS17	9606.ENSP00000377640	9606.ENSP00000498019	0	0	0	0	0.991	0.993	0	0.353	0.999
RPL24	RACK1	9606.ENSP00000377640	9606.ENSP00000426909	0	0	0	0	0.981	0.997	0	0.101	0.999
RPL24	RPS19	9606.ENSP00000377640	9606.ENSP00000470972	0.075	0	0	0	0.986	0.995	0	0.407	0.999
RPL24	RPL18	9606.ENSP00000377640	9606.ENSP00000447001	0.076	0	0	0	0.985	0.995	0.900	0.353	0.999
RPL24	RPL11	9606.ENSP00000377640	9606.ENSP00000496250	0	0	0	0	0.991	0.995	0.900	0.390	0.999
RPL24	RPLP0	9606.ENSP00000377640	9606.ENSP00000449328	0	0	0	0	0.978	0.993	0	0.437	0.999
RPL24	RPLP2	9606.ENSP00000377640	9606.ENSP00000431240	0	0	0	0	0.978	0.983	0	0.166	0.999
RPL3	RPL18A	9606.ENSP00000346001	9606.ENSP00000222247	0	0	0	0	0.960	0.995	0	0.558	0.999
RPL3	RPL19	9606.ENSP00000346001	9606.ENSP00000225430	0.115	0	0	0	0.962	0.995	0	0.669	0.999
RPL3	RPS12	9606.ENSP00000346001	9606.ENSP00000230050	0.061	0	0	0	0.959	0.979	0	0.365	0.999
RPL3	TMSB10	9606.ENSP00000346001	9606.ENSP00000233143	0	0	0	0	0.194	0	0	0.333	0.440
RPL3	RPS27A	9606.ENSP00000346001	9606.ENSP00000272317	0	0	0	0	0.904	0.967	0	0.297	0.997
RPL3	RPL13	9606.ENSP00000346001	9606.ENSP00000307889	0	0	0	0	0.960	0.992	0	0.427	0.999
RPL3	RPL38	9606.ENSP00000346001	9606.ENSP00000309830	0	0	0	0	0.924	0.995	0	0.641	0.999
RPL3	RPL4	9606.ENSP00000346001	9606.ENSP00000311430	0.091	0	0	0	0.993	0.995	0	0.852	0.999
RPL3	PPP1CA	9606.ENSP00000346001	9606.ENSP00000326031	0	0	0	0	0.136	0.426	0	0.045	0.485
RPL3	EEF1G	9606.ENSP00000346001	9606.ENSP00000331901	0	0	0	0	0.940	0	0	0.486	0.968
RPL3	EEF1A1	9606.ENSP00000346001	9606.ENSP00000339063	0	0	0	0	0.856	0.879	0.500	0.551	0.995
RPL3	RPS2	9606.ENSP00000346001	9606.ENSP00000341885	0.102	0.192	0	0	0.961	0.983	0	0.672	0.999
RPL3	ACTB	9606.ENSP00000346001	9606.ENSP00000494750	0	0	0	0	0.234	0.070	0	0.272	0.437
RPL3	PPP2CA	9606.ENSP00000346001	9606.ENSP00000418447	0	0	0	0	0.115	0.149	0	0.349	0.467
RPL3	UBB	9606.ENSP00000346001	9606.ENSP00000478771	0	0	0	0	0.334	0.418	0	0.129	0.633
RPL3	UBC	9606.ENSP00000346001	9606.ENSP00000441543	0	0	0	0	0.380	0.418	0	0.103	0.648
RPL3	TPT1	9606.ENSP00000346001	9606.ENSP00000477781	0	0	0	0	0.741	0	0	0.140	0.767
RPL3	RPS4X	9606.ENSP00000346001	9606.ENSP00000362744	0.091	0	0	0	0.910	0.948	0	0.541	0.997
RPL3	RPS17	9606.ENSP00000346001	9606.ENSP00000498019	0	0	0	0	0.872	0.967	0	0.626	0.998
RPL3	RPLP0	9606.ENSP00000346001	9606.ENSP00000449328	0.102	0	0	0	0.999	0.985	0	0.707	0.999
RPL3	RPLP2	9606.ENSP00000346001	9606.ENSP00000431240	0	0	0	0	0.932	0.974	0	0.502	0.999
RPL3	RPS9	9606.ENSP00000346001	9606.ENSP00000375632	0.102	0	0	0	0.959	0.980	0	0.624	0.999
RPL3	RPS19	9606.ENSP00000346001	9606.ENSP00000470972	0	0	0	0	0.960	0.981	0	0.777	0.999
RPL3	RACK1	9606.ENSP00000346001	9606.ENSP00000426909	0	0	0	0	0.961	0.993	0	0.279	0.999
RPL3	RPS16	9606.ENSP00000346001	9606.ENSP00000367806	0.091	0	0	0	0.928	0.987	0	0.682	0.999
RPL3	RPL11	9606.ENSP00000346001	9606.ENSP00000496250	0.115	0	0	0	0.961	0.994	0	0.803	0.999
RPL3	RPL18	9606.ENSP00000346001	9606.ENSP00000447001	0.041	0	0	0	0.959	0.995	0	0.785	0.999
RPL3	RPL24	9606.ENSP00000346001	9606.ENSP00000377640	0	0	0	0	0.956	0.993	0	0.391	0.999
RPL3	RPLP1	9606.ENSP00000346001	9606.ENSP00000346037	0	0	0	0	0.959	0.977	0	0.564	0.999
RPL3	RPS28	9606.ENSP00000346001	9606.ENSP00000472469	0	0	0	0	0.937	0.967	0	0.567	0.999
RPL38	RPL18A	9606.ENSP00000309830	9606.ENSP00000222247	0	0	0	0	0.988	0.993	0.900	0.265	0.999
RPL38	RPL19	9606.ENSP00000309830	9606.ENSP00000225430	0	0	0	0	0.975	0.994	0.900	0.714	0.999
RPL38	RPS12	9606.ENSP00000309830	9606.ENSP00000230050	0	0	0	0	0.987	0.995	0	0.099	0.999
RPL38	TMSB10	9606.ENSP00000309830	9606.ENSP00000233143	0	0	0	0	0.344	0	0	0.123	0.400
RPL38	RPS27A	9606.ENSP00000309830	9606.ENSP00000272317	0	0	0	0	0.978	0.991	0	0.458	0.999
RPL38	RPL13	9606.ENSP00000309830	9606.ENSP00000307889	0	0	0	0	0.965	0.993	0	0.155	0.999
RPL38	ACTB	9606.ENSP00000309830	9606.ENSP00000494750	0	0	0	0	0.100	0.091	0	0.335	0.408
RPL38	EEF1G	9606.ENSP00000309830	9606.ENSP00000331901	0	0	0	0	0.377	0.191	0	0.285	0.609
RPL38	UBB	9606.ENSP00000309830	9606.ENSP00000478771	0	0	0	0	0.386	0.496	0	0	0.677
RPL38	UBC	9606.ENSP00000309830	9606.ENSP00000441543	0	0	0	0	0.412	0.496	0	0	0.691
RPL38	TPT1	9606.ENSP00000309830	9606.ENSP00000477781	0	0	0	0	0.666	0.334	0	0.047	0.770
RPL38	EEF1A1	9606.ENSP00000309830	9606.ENSP00000339063	0	0	0	0	0.359	0.800	0.500	0.271	0.947
RPL38	RPS4X	9606.ENSP00000309830	9606.ENSP00000362744	0	0	0	0	0.919	0.967	0	0.334	0.998
RPL38	RPL18	9606.ENSP00000309830	9606.ENSP00000447001	0	0	0	0	0.903	0.995	0.900	0.413	0.999
RPL38	RPL11	9606.ENSP00000309830	9606.ENSP00000496250	0	0	0	0	0.980	0.994	0.900	0.784	0.999
RPL38	RACK1	9606.ENSP00000309830	9606.ENSP00000426909	0	0	0	0	0.921	0.997	0	0.537	0.999
RPL38	RPS19	9606.ENSP00000309830	9606.ENSP00000470972	0	0	0	0	0.991	0.995	0	0.666	0.999
RPL38	RPS16	9606.ENSP00000309830	9606.ENSP00000367806	0	0	0	0	0.982	0.994	0	0.605	0.999
RPL38	RPS17	9606.ENSP00000309830	9606.ENSP00000498019	0	0	0	0	0.953	0.991	0	0.407	0.999
RPL38	RPS28	9606.ENSP00000309830	9606.ENSP00000472469	0	0	0	0	0.980	0.992	0.900	0.667	0.999
RPL38	RPLP1	9606.ENSP00000309830	9606.ENSP00000346037	0	0	0	0	0.977	0.992	0	0.552	0.999
RPL38	RPL4	9606.ENSP00000309830	9606.ENSP00000311430	0	0	0	0	0.894	0.994	0	0.464	0.999
RPL38	RPL24	9606.ENSP00000309830	9606.ENSP00000377640	0	0	0	0	0.985	0.993	0.900	0.491	0.999
RPL38	RPS2	9606.ENSP00000309830	9606.ENSP00000341885	0	0	0	0	0.887	0.994	0	0.647	0.999
RPL38	RPL3	9606.ENSP00000309830	9606.ENSP00000346001	0	0	0	0	0.924	0.995	0	0.641	0.999
RPL38	RPLP2	9606.ENSP00000309830	9606.ENSP00000431240	0	0	0	0	0.980	0.991	0	0.557	0.999
RPL38	RPS9	9606.ENSP00000309830	9606.ENSP00000375632	0	0	0	0	0.945	0.993	0	0.438	0.999
RPL38	RPLP0	9606.ENSP00000309830	9606.ENSP00000449328	0	0	0	0	0.909	0.992	0	0.411	0.999
RPL4	RPL18A	9606.ENSP00000311430	9606.ENSP00000222247	0	0	0	0	0.985	0.996	0	0.569	0.999
RPL4	RPL19	9606.ENSP00000311430	9606.ENSP00000225430	0.052	0	0	0	0.991	0.995	0	0.770	0.999
RPL4	RPS12	9606.ENSP00000311430	9606.ENSP00000230050	0.061	0	0	0	0.981	0.995	0	0.120	0.999
RPL4	RPS27A	9606.ENSP00000311430	9606.ENSP00000272317	0	0	0	0	0.951	0.992	0	0.490	0.999
RPL4	RPL13	9606.ENSP00000311430	9606.ENSP00000307889	0	0	0	0	0.991	0.996	0	0.340	0.999
RPL4	RPL38	9606.ENSP00000311430	9606.ENSP00000309830	0	0	0	0	0.894	0.994	0	0.464	0.999
RPL4	B2M	9606.ENSP00000311430	9606.ENSP00000497910	0	0	0	0	0.094	0	0	0.443	0.474
RPL4	PPP2CA	9606.ENSP00000311430	9606.ENSP00000418447	0	0	0	0	0.182	0.062	0	0.448	0.539
RPL4	UBB	9606.ENSP00000311430	9606.ENSP00000478771	0	0	0	0	0.199	0.496	0	0.078	0.595
RPL4	UBC	9606.ENSP00000311430	9606.ENSP00000441543	0	0	0	0	0.200	0.496	0	0.137	0.622
RPL4	ACTB	9606.ENSP00000311430	9606.ENSP00000494750	0	0	0	0	0.181	0.365	0	0.496	0.715
RPL4	TPT1	9606.ENSP00000311430	9606.ENSP00000477781	0	0	0	0	0.804	0.331	0	0.155	0.880
RPL4	EEF1G	9606.ENSP00000311430	9606.ENSP00000331901	0	0	0	0	0.959	0.210	0	0.524	0.983
RPL4	EEF1A1	9606.ENSP00000311430	9606.ENSP00000339063	0	0	0	0	0.916	0.841	0.500	0.661	0.997
RPL4	RPL3	9606.ENSP00000311430	9606.ENSP00000346001	0.091	0	0	0	0.993	0.995	0	0.852	0.999
RPL4	RPLP2	9606.ENSP00000311430	9606.ENSP00000431240	0	0	0	0	0.973	0.990	0	0.602	0.999
RPL4	RPS9	9606.ENSP00000311430	9606.ENSP00000375632	0.102	0	0	0	0.991	0.994	0	0.684	0.999
RPL4	RPLP0	9606.ENSP00000311430	9606.ENSP00000449328	0.102	0	0	0	0.999	0.995	0	0.868	0.999
RPL4	RPL11	9606.ENSP00000311430	9606.ENSP00000496250	0.115	0	0	0	0.991	0.996	0	0.814	0.999
RPL4	RPL18	9606.ENSP00000311430	9606.ENSP00000447001	0.115	0	0	0	0.991	0.995	0	0.736	0.999
RPL4	RPS19	9606.ENSP00000311430	9606.ENSP00000470972	0	0	0	0	0.977	0.994	0	0.694	0.999
RPL4	RACK1	9606.ENSP00000311430	9606.ENSP00000426909	0	0	0	0	0.993	0.997	0	0.395	0.999
RPL4	RPS16	9606.ENSP00000311430	9606.ENSP00000367806	0	0	0	0	0.977	0.995	0	0.523	0.999
RPL4	RPS17	9606.ENSP00000311430	9606.ENSP00000498019	0	0	0	0	0.972	0.994	0	0.590	0.999
RPL4	RPS4X	9606.ENSP00000311430	9606.ENSP00000362744	0.042	0	0	0	0.955	0.980	0	0.532	0.999
RPL4	RPLP1	9606.ENSP00000311430	9606.ENSP00000346037	0	0	0	0	0.961	0.989	0	0.727	0.999
RPL4	RPS28	9606.ENSP00000311430	9606.ENSP00000472469	0.057	0	0	0	0.932	0.993	0	0.572	0.999
RPL4	RPS2	9606.ENSP00000311430	9606.ENSP00000341885	0.102	0	0	0	0.989	0.994	0	0.717	0.999
RPL4	RPL24	9606.ENSP00000311430	9606.ENSP00000377640	0.042	0	0	0	0.990	0.995	0	0.423	0.999
RPLP0	RPL18A	9606.ENSP00000449328	9606.ENSP00000222247	0.120	0	0	0	0.987	0.994	0	0.336	0.999
RPLP0	RPL19	9606.ENSP00000449328	9606.ENSP00000225430	0	0	0	0	0.994	0.995	0	0.672	0.999
RPLP0	RPS12	9606.ENSP00000449328	9606.ENSP00000230050	0.071	0	0	0	0.983	0.992	0	0.697	0.999
RPLP0	RPS27A	9606.ENSP00000449328	9606.ENSP00000272317	0	0	0	0	0.979	0.992	0	0.343	0.999
RPLP0	RPL13	9606.ENSP00000449328	9606.ENSP00000307889	0	0	0	0	0.991	0.995	0	0.425	0.999
RPLP0	RPL38	9606.ENSP00000449328	9606.ENSP00000309830	0	0	0	0	0.909	0.992	0	0.411	0.999
RPLP0	RPL4	9606.ENSP00000449328	9606.ENSP00000311430	0.102	0	0	0	0.999	0.995	0	0.868	0.999
RPLP0	PPP1CA	9606.ENSP00000449328	9606.ENSP00000326031	0	0	0	0	0.197	0.567	0	0.145	0.677
RPLP0	EEF1G	9606.ENSP00000449328	9606.ENSP00000331901	0	0	0	0	0.993	0.122	0	0.379	0.996
RPLP0	EEF1A1	9606.ENSP00000449328	9606.ENSP00000339063	0	0	0	0	0.859	0.888	0.500	0.533	0.995
RPLP0	RPS2	9606.ENSP00000449328	9606.ENSP00000341885	0.111	0	0	0	0.991	0.993	0	0.721	0.999
RPLP0	RPL3	9606.ENSP00000449328	9606.ENSP00000346001	0.102	0	0	0	0.999	0.985	0	0.707	0.999
RPLP0	RPLP1	9606.ENSP00000449328	9606.ENSP00000346037	0.120	0	0	0	0.990	0.997	0	0.956	0.999
RPLP0	PSMD12	9606.ENSP00000449328	9606.ENSP00000348442	0	0	0	0	0.419	0	0	0.264	0.554
RPLP0	RPS4X	9606.ENSP00000449328	9606.ENSP00000362744	0	0	0	0	0.955	0.974	0	0.280	0.999
RPLP0	RPS16	9606.ENSP00000449328	9606.ENSP00000367806	0.102	0	0	0	0.991	0.995	0	0.420	0.999
RPLP0	RPS9	9606.ENSP00000449328	9606.ENSP00000375632	0.108	0	0	0	0.986	0.992	0	0.700	0.999
RPLP0	RPL24	9606.ENSP00000449328	9606.ENSP00000377640	0	0	0	0	0.978	0.993	0	0.437	0.999
RPLP0	RACK1	9606.ENSP00000449328	9606.ENSP00000426909	0	0	0	0	0.992	0.992	0	0.411	0.999
RPLP0	RPLP2	9606.ENSP00000449328	9606.ENSP00000431240	0	0	0	0	0.980	0.997	0	0.940	0.999
RPLP0	UBC	9606.ENSP00000449328	9606.ENSP00000441543	0	0	0	0	0.332	0.317	0	0.340	0.673
RPLP0	RPL18	9606.ENSP00000449328	9606.ENSP00000447001	0	0	0	0	0.984	0.995	0	0.739	0.999
RPLP0	ACTG1	9606.ENSP00000449328	9606.ENSP00000458162	0	0	0	0	0.490	0.068	0	0.192	0.583
RPLP0	UBB	9606.ENSP00000449328	9606.ENSP00000478771	0	0	0	0	0.335	0.313	0	0.240	0.622
RPLP0	B2M	9606.ENSP00000449328	9606.ENSP00000497910	0	0	0	0	0.083	0	0	0.709	0.722
RPLP0	ACTB	9606.ENSP00000449328	9606.ENSP00000494750	0	0	0	0	0.283	0.248	0	0.811	0.889
RPLP0	TPT1	9606.ENSP00000449328	9606.ENSP00000477781	0	0	0	0	0.938	0.451	0	0.321	0.975
RPLP0	RPS17	9606.ENSP00000449328	9606.ENSP00000498019	0	0	0	0	0.967	0.992	0	0.486	0.999
RPLP0	RPS28	9606.ENSP00000449328	9606.ENSP00000472469	0	0	0	0	0.953	0.991	0	0.517	0.999
RPLP0	RPL11	9606.ENSP00000449328	9606.ENSP00000496250	0.120	0	0	0	0.991	0.995	0	0.706	0.999
RPLP0	RPS19	9606.ENSP00000449328	9606.ENSP00000470972	0.120	0	0	0	0.986	0.992	0	0.560	0.999
RPLP1	RPL18A	9606.ENSP00000346037	9606.ENSP00000222247	0.163	0	0	0	0.983	0.985	0	0.388	0.999
RPLP1	RPL19	9606.ENSP00000346037	9606.ENSP00000225430	0	0	0	0	0.991	0.992	0	0.558	0.999
RPLP1	RPS12	9606.ENSP00000346037	9606.ENSP00000230050	0	0	0	0	0.991	0.955	0	0.282	0.999
RPLP1	RPS27A	9606.ENSP00000346037	9606.ENSP00000272317	0	0	0	0	0.982	0.989	0	0.220	0.999
RPLP1	RPL13	9606.ENSP00000346037	9606.ENSP00000307889	0	0	0	0	0.992	0.993	0	0.331	0.999
RPLP1	RPL38	9606.ENSP00000346037	9606.ENSP00000309830	0	0	0	0	0.977	0.992	0	0.552	0.999
RPLP1	RPL4	9606.ENSP00000346037	9606.ENSP00000311430	0	0	0	0	0.961	0.989	0	0.727	0.999
RPLP1	EEF1G	9606.ENSP00000346037	9606.ENSP00000331901	0	0	0	0	0.971	0.106	0	0.470	0.985
RPLP1	EEF1A1	9606.ENSP00000346037	9606.ENSP00000339063	0	0	0	0	0.682	0.602	0.500	0.431	0.959
RPLP1	RPS2	9606.ENSP00000346037	9606.ENSP00000341885	0	0	0	0	0.981	0.993	0	0.624	0.999
RPLP1	RPL3	9606.ENSP00000346037	9606.ENSP00000346001	0	0	0	0	0.959	0.977	0	0.564	0.999
RPLP1	B2M	9606.ENSP00000346037	9606.ENSP00000497910	0	0	0	0	0.162	0	0	0.491	0.555
RPLP1	ACTB	9606.ENSP00000346037	9606.ENSP00000494750	0	0	0	0	0.155	0.267	0	0.473	0.645
RPLP1	UBB	9606.ENSP00000346037	9606.ENSP00000478771	0	0	0	0	0.461	0.306	0	0.129	0.646
RPLP1	UBC	9606.ENSP00000346037	9606.ENSP00000441543	0	0	0	0	0.461	0.306	0	0.134	0.648
RPLP1	TPT1	9606.ENSP00000346037	9606.ENSP00000477781	0	0	0	0	0.952	0.245	0	0.225	0.969
RPLP1	RPS19	9606.ENSP00000346037	9606.ENSP00000470972	0.167	0	0	0	0.999	0.992	0	0.500	0.999
RPLP1	RACK1	9606.ENSP00000346037	9606.ENSP00000426909	0	0	0	0	0.984	0.970	0	0.230	0.999
RPLP1	RPS16	9606.ENSP00000346037	9606.ENSP00000367806	0	0	0	0	0.981	0.992	0	0.364	0.999
RPLP1	RPL11	9606.ENSP00000346037	9606.ENSP00000496250	0	0	0	0	0.991	0.963	0	0.562	0.999
RPLP1	RPL18	9606.ENSP00000346037	9606.ENSP00000447001	0	0	0	0	0.985	0.989	0	0.481	0.999
RPLP1	RPL24	9606.ENSP00000346037	9606.ENSP00000377640	0	0	0	0	0.979	0.983	0	0.239	0.999
RPLP1	RPS17	9606.ENSP00000346037	9606.ENSP00000498019	0	0	0	0	0.986	0.986	0	0.389	0.999
RPLP1	RPS4X	9606.ENSP00000346037	9606.ENSP00000362744	0	0	0	0	0.953	0.973	0	0.327	0.999
RPLP1	RPS28	9606.ENSP00000346037	9606.ENSP00000472469	0	0	0	0	0.991	0.979	0	0.717	0.999
RPLP1	RPLP0	9606.ENSP00000346037	9606.ENSP00000449328	0.120	0	0	0	0.990	0.997	0	0.956	0.999
RPLP1	RPLP2	9606.ENSP00000346037	9606.ENSP00000431240	0	0	0	0	0.997	0.997	0.900	0.941	0.999
RPLP1	RPS9	9606.ENSP00000346037	9606.ENSP00000375632	0	0	0	0	0.974	0.977	0	0.574	0.999
RPLP2	RPL18A	9606.ENSP00000431240	9606.ENSP00000222247	0	0	0	0	0.981	0.939	0	0.709	0.999
RPLP2	RPL19	9606.ENSP00000431240	9606.ENSP00000225430	0	0	0	0	0.978	0.989	0	0.569	0.999
RPLP2	RPS12	9606.ENSP00000431240	9606.ENSP00000230050	0	0	0	0	0.991	0.892	0	0.352	0.999
RPLP2	H3-3B	9606.ENSP00000431240	9606.ENSP00000254810	0	0	0	0	0.110	0.091	0	0.419	0.489
RPLP2	RPS27A	9606.ENSP00000431240	9606.ENSP00000272317	0	0	0	0	0.980	0.950	0	0.518	0.999
RPLP2	RPL13	9606.ENSP00000431240	9606.ENSP00000307889	0	0	0	0	0.991	0.955	0	0.136	0.999
RPLP2	RPL38	9606.ENSP00000431240	9606.ENSP00000309830	0	0	0	0	0.980	0.991	0	0.557	0.999
RPLP2	RPL4	9606.ENSP00000431240	9606.ENSP00000311430	0	0	0	0	0.973	0.990	0	0.602	0.999
RPLP2	EEF1G	9606.ENSP00000431240	9606.ENSP00000331901	0	0	0	0	0.866	0.097	0	0.297	0.907
RPLP2	EEF1A1	9606.ENSP00000431240	9606.ENSP00000339063	0	0	0	0	0.427	0.071	0.500	0.312	0.792
RPLP2	RPS2	9606.ENSP00000431240	9606.ENSP00000341885	0	0	0	0	0.989	0.992	0	0.295	0.999
RPLP2	RPL3	9606.ENSP00000431240	9606.ENSP00000346001	0	0	0	0	0.932	0.974	0	0.502	0.999
RPLP2	RPLP1	9606.ENSP00000431240	9606.ENSP00000346037	0	0	0	0	0.997	0.997	0.900	0.941	0.999
RPLP2	RPS4X	9606.ENSP00000431240	9606.ENSP00000362744	0	0	0	0	0.915	0.962	0	0.279	0.997
RPLP2	RPS16	9606.ENSP00000431240	9606.ENSP00000367806	0	0	0	0	0.991	0.992	0	0.405	0.999
RPLP2	RPS9	9606.ENSP00000431240	9606.ENSP00000375632	0	0	0	0	0.977	0.986	0	0.379	0.999
RPLP2	RPL24	9606.ENSP00000431240	9606.ENSP00000377640	0	0	0	0	0.978	0.983	0	0.166	0.999
RPLP2	RACK1	9606.ENSP00000431240	9606.ENSP00000426909	0	0	0	0	0.989	0.966	0	0.191	0.999
RPLP2	UBB	9606.ENSP00000431240	9606.ENSP00000478771	0	0	0	0	0.419	0.265	0	0.119	0.591
RPLP2	UBC	9606.ENSP00000431240	9606.ENSP00000441543	0	0	0	0	0.430	0.269	0	0.170	0.624
RPLP2	TPT1	9606.ENSP00000431240	9606.ENSP00000477781	0	0	0	0	0.942	0.451	0	0.145	0.970
RPLP2	RPL11	9606.ENSP00000431240	9606.ENSP00000496250	0	0	0	0	0.985	0.959	0	0.697	0.999
RPLP2	RPL18	9606.ENSP00000431240	9606.ENSP00000447001	0	0	0	0	0.977	0.989	0	0.395	0.999
RPLP2	RPS19	9606.ENSP00000431240	9606.ENSP00000470972	0	0	0	0	0.992	0.989	0	0.572	0.999
RPLP2	RPS17	9606.ENSP00000431240	9606.ENSP00000498019	0	0	0	0	0.957	0.987	0	0.220	0.999
RPLP2	RPS28	9606.ENSP00000431240	9606.ENSP00000472469	0	0	0	0	0.984	0.983	0	0.402	0.999
RPLP2	RPLP0	9606.ENSP00000431240	9606.ENSP00000449328	0	0	0	0	0.980	0.997	0	0.940	0.999
RPS12	RPL18A	9606.ENSP00000230050	9606.ENSP00000222247	0	0	0	0	0.989	0.994	0	0.176	0.999
RPS12	RPL19	9606.ENSP00000230050	9606.ENSP00000225430	0	0	0	0	0.982	0.995	0	0.269	0.999
RPS12	PSMD12	9606.ENSP00000230050	9606.ENSP00000348442	0	0	0	0	0.403	0	0	0	0.403
RPS12	ACTB	9606.ENSP00000230050	9606.ENSP00000494750	0	0	0	0	0.126	0.254	0	0.175	0.416
RPS12	UBB	9606.ENSP00000230050	9606.ENSP00000478771	0	0	0	0	0.218	0.416	0	0.066	0.536
RPS12	UBC	9606.ENSP00000230050	9606.ENSP00000441543	0	0	0	0	0.250	0.419	0	0.066	0.558
RPS12	EEF1G	9606.ENSP00000230050	9606.ENSP00000331901	0	0	0	0	0.744	0.109	0	0.387	0.848
RPS12	HBA2	9606.ENSP00000230050	9606.ENSP00000251595	0	0	0	0	0	0.127	0.900	0.149	0.919
RPS12	TPT1	9606.ENSP00000230050	9606.ENSP00000477781	0	0	0	0	0.951	0.127	0	0.170	0.961
RPS12	EEF1A1	9606.ENSP00000230050	9606.ENSP00000339063	0	0	0	0	0.710	0.810	0.500	0.293	0.978
RPS12	RPL3	9606.ENSP00000230050	9606.ENSP00000346001	0.061	0	0	0	0.959	0.979	0	0.365	0.999
RPS12	RPLP2	9606.ENSP00000230050	9606.ENSP00000431240	0	0	0	0	0.991	0.892	0	0.352	0.999
RPS12	RPL38	9606.ENSP00000230050	9606.ENSP00000309830	0	0	0	0	0.987	0.995	0	0.099	0.999
RPS12	RPS9	9606.ENSP00000230050	9606.ENSP00000375632	0.070	0	0	0	0.990	0.993	0.900	0.342	0.999
RPS12	RPLP0	9606.ENSP00000230050	9606.ENSP00000449328	0.071	0	0	0	0.983	0.992	0	0.697	0.999
RPS12	RPS27A	9606.ENSP00000230050	9606.ENSP00000272317	0	0	0	0	0.963	0.996	0.900	0.289	0.999
RPS12	RPL18	9606.ENSP00000230050	9606.ENSP00000447001	0.098	0	0	0	0.992	0.995	0	0.630	0.999
RPS12	RPL11	9606.ENSP00000230050	9606.ENSP00000496250	0.075	0	0	0	0.993	0.994	0	0.338	0.999
RPS12	RPL13	9606.ENSP00000230050	9606.ENSP00000307889	0	0	0	0	0.985	0.993	0	0.233	0.999
RPS12	RACK1	9606.ENSP00000230050	9606.ENSP00000426909	0	0	0	0	0.991	0.997	0.540	0.396	0.999
RPS12	RPS19	9606.ENSP00000230050	9606.ENSP00000470972	0.054	0	0	0	0.991	0.995	0.900	0.405	0.999
RPS12	RPS16	9606.ENSP00000230050	9606.ENSP00000367806	0.061	0	0	0	0.991	0.995	0.900	0.325	0.999
RPS12	RPS17	9606.ENSP00000230050	9606.ENSP00000498019	0	0	0	0	0.954	0.991	0.900	0.455	0.999
RPS12	RPS28	9606.ENSP00000230050	9606.ENSP00000472469	0.099	0	0	0	0.980	0.993	0.900	0.261	0.999
RPS12	RPLP1	9606.ENSP00000230050	9606.ENSP00000346037	0	0	0	0	0.991	0.955	0	0.282	0.999
RPS12	RPS4X	9606.ENSP00000230050	9606.ENSP00000362744	0	0	0	0	0.951	0.984	0.900	0.224	0.999
RPS12	RPL4	9606.ENSP00000230050	9606.ENSP00000311430	0.061	0	0	0	0.981	0.995	0	0.120	0.999
RPS12	RPL24	9606.ENSP00000230050	9606.ENSP00000377640	0.099	0	0	0	0.999	0.995	0	0.363	0.999
RPS12	RPS2	9606.ENSP00000230050	9606.ENSP00000341885	0.055	0	0	0	0.991	0.995	0.900	0.326	0.999
RPS16	RPL18A	9606.ENSP00000367806	9606.ENSP00000222247	0	0	0	0	0.994	0.994	0	0.688	0.999
RPS16	RPL19	9606.ENSP00000367806	9606.ENSP00000225430	0.052	0	0	0	0.991	0.995	0	0.606	0.999
RPS16	RPS12	9606.ENSP00000367806	9606.ENSP00000230050	0.061	0	0	0	0.991	0.995	0.900	0.325	0.999
RPS16	HBA2	9606.ENSP00000367806	9606.ENSP00000251595	0	0	0	0	0	0.093	0.900	0.055	0.906
RPS16	RPS27A	9606.ENSP00000367806	9606.ENSP00000272317	0	0	0	0	0.979	0.992	0.900	0.546	0.999
RPS16	RPL13	9606.ENSP00000367806	9606.ENSP00000307889	0	0	0	0	0.991	0.995	0	0.420	0.999
RPS16	RPL38	9606.ENSP00000367806	9606.ENSP00000309830	0	0	0	0	0.982	0.994	0	0.605	0.999
RPS16	RPL4	9606.ENSP00000367806	9606.ENSP00000311430	0	0	0	0	0.977	0.995	0	0.523	0.999
RPS16	EEF1G	9606.ENSP00000367806	9606.ENSP00000331901	0	0	0	0	0.925	0.236	0	0.381	0.961
RPS16	EEF1A1	9606.ENSP00000367806	9606.ENSP00000339063	0	0	0	0	0.831	0.834	0.500	0.548	0.992
RPS16	RPS2	9606.ENSP00000367806	9606.ENSP00000341885	0.102	0	0	0	0.986	0.996	0.900	0.821	0.999
RPS16	RPL3	9606.ENSP00000367806	9606.ENSP00000346001	0.091	0	0	0	0.928	0.987	0	0.682	0.999
RPS16	RPLP1	9606.ENSP00000367806	9606.ENSP00000346037	0	0	0	0	0.981	0.992	0	0.364	0.999
RPS16	PSMD12	9606.ENSP00000367806	9606.ENSP00000348442	0	0	0	0	0.471	0	0	0	0.471
RPS16	RPS4X	9606.ENSP00000367806	9606.ENSP00000362744	0.042	0	0	0	0.953	0.985	0.900	0.566	0.999
RPS16	FTL	9606.ENSP00000367806	9606.ENSP00000366525	0	0	0	0	0.246	0.067	0	0.342	0.497
RPS16	UBB	9606.ENSP00000367806	9606.ENSP00000478771	0	0	0	0	0.215	0.488	0	0.100	0.606
RPS16	UBC	9606.ENSP00000367806	9606.ENSP00000441543	0	0	0	0	0.256	0.488	0	0.093	0.624
RPS16	TPT1	9606.ENSP00000367806	9606.ENSP00000477781	0	0	0	0	0.941	0.331	0	0.121	0.962
RPS16	RPLP2	9606.ENSP00000367806	9606.ENSP00000431240	0	0	0	0	0.991	0.992	0	0.405	0.999
RPS16	RPS9	9606.ENSP00000367806	9606.ENSP00000375632	0.102	0	0	0	0.990	0.995	0.900	0.713	0.999
RPS16	RPLP0	9606.ENSP00000367806	9606.ENSP00000449328	0.102	0	0	0	0.991	0.995	0	0.420	0.999
RPS16	RPL11	9606.ENSP00000367806	9606.ENSP00000496250	0.115	0	0	0	0.991	0.995	0	0.739	0.999
RPS16	RPL18	9606.ENSP00000367806	9606.ENSP00000447001	0.115	0	0	0	0.987	0.995	0	0.666	0.999
RPS16	RPS19	9606.ENSP00000367806	9606.ENSP00000470972	0	0	0	0	0.999	0.997	0.900	0.872	0.999
RPS16	RACK1	9606.ENSP00000367806	9606.ENSP00000426909	0	0	0	0	0.982	0.997	0.540	0.316	0.999
RPS16	RPS17	9606.ENSP00000367806	9606.ENSP00000498019	0	0	0	0	0.947	0.995	0.900	0.666	0.999
RPS16	RPS28	9606.ENSP00000367806	9606.ENSP00000472469	0.057	0	0	0	0.981	0.993	0.900	0.773	0.999
RPS16	RPL24	9606.ENSP00000367806	9606.ENSP00000377640	0.042	0	0	0	0.991	0.995	0	0.310	0.999
RPS17	RPL18A	9606.ENSP00000498019	9606.ENSP00000222247	0	0	0	0	0.946	0.991	0	0.338	0.999
RPS17	RPL19	9606.ENSP00000498019	9606.ENSP00000225430	0	0	0	0	0.979	0.992	0	0.895	0.999
RPS17	RPS12	9606.ENSP00000498019	9606.ENSP00000230050	0	0	0	0	0.954	0.991	0.900	0.455	0.999
RPS17	HBA2	9606.ENSP00000498019	9606.ENSP00000251595	0	0	0	0	0	0.073	0.900	0.094	0.908
RPS17	H3-3B	9606.ENSP00000498019	9606.ENSP00000254810	0	0	0	0	0.064	0	0	0.433	0.446
RPS17	RPS27A	9606.ENSP00000498019	9606.ENSP00000272317	0	0	0	0	0.979	0.991	0.900	0.605	0.999
RPS17	RPL13	9606.ENSP00000498019	9606.ENSP00000307889	0	0	0	0	0.946	0.991	0	0.276	0.999
RPS17	RPL38	9606.ENSP00000498019	9606.ENSP00000309830	0	0	0	0	0.953	0.991	0	0.407	0.999
RPS17	RPL4	9606.ENSP00000498019	9606.ENSP00000311430	0	0	0	0	0.972	0.994	0	0.590	0.999
RPS17	EEF1G	9606.ENSP00000498019	9606.ENSP00000331901	0	0	0	0	0.738	0	0	0.111	0.757
RPS17	EEF1A1	9606.ENSP00000498019	9606.ENSP00000339063	0	0	0	0	0.585	0.810	0.500	0.210	0.964
RPS17	RPS2	9606.ENSP00000498019	9606.ENSP00000341885	0	0	0	0	0.954	0.997	0.900	0.592	0.999
RPS17	RPL3	9606.ENSP00000498019	9606.ENSP00000346001	0	0	0	0	0.872	0.967	0	0.626	0.998
RPS17	RPLP1	9606.ENSP00000498019	9606.ENSP00000346037	0	0	0	0	0.986	0.986	0	0.389	0.999
RPS17	RPS4X	9606.ENSP00000498019	9606.ENSP00000362744	0	0	0	0	0.920	0.975	0.900	0.478	0.999
RPS17	RPS16	9606.ENSP00000498019	9606.ENSP00000367806	0	0	0	0	0.947	0.995	0.900	0.666	0.999
RPS17	RPS9	9606.ENSP00000498019	9606.ENSP00000375632	0	0	0	0	0.984	0.994	0.900	0.562	0.999
RPS17	RPL24	9606.ENSP00000498019	9606.ENSP00000377640	0	0	0	0	0.991	0.993	0	0.353	0.999
RPS17	RACK1	9606.ENSP00000498019	9606.ENSP00000426909	0	0	0	0	0.868	0.997	0.540	0.585	0.999
RPS17	RPLP2	9606.ENSP00000498019	9606.ENSP00000431240	0	0	0	0	0.957	0.987	0	0.220	0.999
RPS17	UBC	9606.ENSP00000498019	9606.ENSP00000441543	0	0	0	0	0.353	0.492	0	0.166	0.702
RPS17	RPL18	9606.ENSP00000498019	9606.ENSP00000447001	0	0	0	0	0.942	0.992	0	0.715	0.999
RPS17	RPLP0	9606.ENSP00000498019	9606.ENSP00000449328	0	0	0	0	0.967	0.992	0	0.486	0.999
RPS17	RPS19	9606.ENSP00000498019	9606.ENSP00000470972	0.060	0	0	0	0.977	0.992	0.900	0.947	0.999
RPS17	RPS28	9606.ENSP00000498019	9606.ENSP00000472469	0	0	0	0	0.932	0.992	0.900	0.704	0.999
RPS17	TPT1	9606.ENSP00000498019	9606.ENSP00000477781	0	0	0	0	0.741	0.126	0	0.133	0.787
RPS17	UBB	9606.ENSP00000498019	9606.ENSP00000478771	0	0	0	0	0.354	0.492	0	0.093	0.676
RPS17	RPL11	9606.ENSP00000498019	9606.ENSP00000496250	0	0	0	0	0.991	0.991	0	0.888	0.999
RPS19	RPL18A	9606.ENSP00000470972	9606.ENSP00000222247	0.231	0	0	0	0.993	0.993	0	0.458	0.999
RPS19	RPL19	9606.ENSP00000470972	9606.ENSP00000225430	0	0	0	0	0.987	0.996	0	0.645	0.999
RPS19	RPS12	9606.ENSP00000470972	9606.ENSP00000230050	0.054	0	0	0	0.991	0.995	0.900	0.405	0.999
RPS19	TMSB10	9606.ENSP00000470972	9606.ENSP00000233143	0	0	0	0	0.438	0	0	0.353	0.621
RPS19	HBA2	9606.ENSP00000470972	9606.ENSP00000251595	0	0	0	0	0	0.097	0.900	0.193	0.920
RPS19	RPS27A	9606.ENSP00000470972	9606.ENSP00000272317	0	0	0	0	0.979	0.992	0.900	0.518	0.999
RPS19	RPL13	9606.ENSP00000470972	9606.ENSP00000307889	0	0	0	0	0.991	0.993	0	0.493	0.999
RPS19	RPL38	9606.ENSP00000470972	9606.ENSP00000309830	0	0	0	0	0.991	0.995	0	0.666	0.999
RPS19	RPL4	9606.ENSP00000470972	9606.ENSP00000311430	0	0	0	0	0.977	0.994	0	0.694	0.999
RPS19	EEF1G	9606.ENSP00000470972	9606.ENSP00000331901	0	0	0	0	0.939	0.109	0	0.454	0.967
RPS19	EEF1A1	9606.ENSP00000470972	9606.ENSP00000339063	0	0	0	0	0.583	0.843	0.500	0.496	0.981
RPS19	RPS2	9606.ENSP00000470972	9606.ENSP00000341885	0	0	0	0	0.981	0.995	0.900	0.839	0.999
RPS19	RPL3	9606.ENSP00000470972	9606.ENSP00000346001	0	0	0	0	0.960	0.981	0	0.777	0.999
RPS19	RPLP1	9606.ENSP00000470972	9606.ENSP00000346037	0.167	0	0	0	0.999	0.992	0	0.500	0.999
RPS19	RPS4X	9606.ENSP00000470972	9606.ENSP00000362744	0	0	0	0	0.953	0.982	0.900	0.547	0.999
RPS19	RPS16	9606.ENSP00000470972	9606.ENSP00000367806	0	0	0	0	0.999	0.997	0.900	0.872	0.999
RPS19	RPS9	9606.ENSP00000470972	9606.ENSP00000375632	0	0	0	0	0.986	0.995	0.900	0.801	0.999
RPS19	RPL24	9606.ENSP00000470972	9606.ENSP00000377640	0.075	0	0	0	0.986	0.995	0	0.407	0.999
RPS19	RACK1	9606.ENSP00000470972	9606.ENSP00000426909	0	0	0	0	0.982	0.997	0.540	0.274	0.999
RPS19	RPLP2	9606.ENSP00000470972	9606.ENSP00000431240	0	0	0	0	0.992	0.989	0	0.572	0.999
RPS19	UBC	9606.ENSP00000470972	9606.ENSP00000441543	0	0	0	0	0.330	0.495	0	0.112	0.673
RPS19	RPL18	9606.ENSP00000470972	9606.ENSP00000447001	0	0	0	0	0.981	0.994	0	0.731	0.999
RPS19	RPLP0	9606.ENSP00000470972	9606.ENSP00000449328	0.120	0	0	0	0.986	0.992	0	0.560	0.999
RPS19	ACTB	9606.ENSP00000470972	9606.ENSP00000494750	0	0	0	0	0.106	0.251	0	0.288	0.482
RPS19	UBB	9606.ENSP00000470972	9606.ENSP00000478771	0	0	0	0	0.305	0.495	0	0.124	0.666
RPS19	TPT1	9606.ENSP00000470972	9606.ENSP00000477781	0	0	0	0	0.913	0.126	0	0.049	0.922
RPS19	RPL11	9606.ENSP00000470972	9606.ENSP00000496250	0	0	0	0	0.991	0.994	0	0.928	0.999
RPS19	RPS28	9606.ENSP00000470972	9606.ENSP00000472469	0.075	0	0	0	0.991	0.992	0.900	0.828	0.999
RPS19	RPS17	9606.ENSP00000470972	9606.ENSP00000498019	0.060	0	0	0	0.977	0.992	0.900	0.947	0.999
RPS2	RPL18A	9606.ENSP00000341885	9606.ENSP00000222247	0	0	0	0	0.991	0.993	0	0.748	0.999
RPS2	RPL19	9606.ENSP00000341885	9606.ENSP00000225430	0.120	0	0	0	0.991	0.995	0	0.644	0.999
RPS2	RPS12	9606.ENSP00000341885	9606.ENSP00000230050	0.055	0	0	0	0.991	0.995	0.900	0.326	0.999
RPS2	TMSB10	9606.ENSP00000341885	9606.ENSP00000233143	0	0	0	0	0.211	0	0	0.347	0.463
RPS2	HBA2	9606.ENSP00000341885	9606.ENSP00000251595	0	0	0	0	0	0.095	0.900	0	0.905
RPS2	RPS27A	9606.ENSP00000341885	9606.ENSP00000272317	0	0	0	0	0.980	0.993	0.900	0.689	0.999
RPS2	FTH1	9606.ENSP00000341885	9606.ENSP00000273550	0	0.002	0	0	0.106	0	0	0.418	0.457
RPS2	RPL13	9606.ENSP00000341885	9606.ENSP00000307889	0	0	0	0	0.991	0.996	0	0.404	0.999
RPS2	RPL38	9606.ENSP00000341885	9606.ENSP00000309830	0	0	0	0	0.887	0.994	0	0.647	0.999
RPS2	RPL4	9606.ENSP00000341885	9606.ENSP00000311430	0.102	0	0	0	0.989	0.994	0	0.717	0.999
RPS2	EEF1G	9606.ENSP00000341885	9606.ENSP00000331901	0	0	0	0	0.971	0.097	0	0.535	0.986
RPS2	EEF1A1	9606.ENSP00000341885	9606.ENSP00000339063	0	0	0	0	0.926	0.918	0.500	0.642	0.998
RPS2	ACTG1	9606.ENSP00000341885	9606.ENSP00000458162	0	0	0	0	0.410	0.094	0	0.179	0.523
RPS2	PSMD12	9606.ENSP00000341885	9606.ENSP00000348442	0	0	0	0	0.532	0.097	0	0.079	0.577
RPS2	UBB	9606.ENSP00000341885	9606.ENSP00000478771	0	0	0	0	0.250	0.494	0	0.091	0.625
RPS2	UBC	9606.ENSP00000341885	9606.ENSP00000441543	0	0	0	0	0.244	0.494	0	0.129	0.638
RPS2	ACTB	9606.ENSP00000341885	9606.ENSP00000494750	0	0	0	0	0.305	0.094	0	0.506	0.662
RPS2	TPT1	9606.ENSP00000341885	9606.ENSP00000477781	0	0	0	0	0.916	0.475	0	0.091	0.956
RPS2	RPL3	9606.ENSP00000341885	9606.ENSP00000346001	0.102	0.192	0	0	0.961	0.983	0	0.672	0.999
RPS2	RPLP0	9606.ENSP00000341885	9606.ENSP00000449328	0.111	0	0	0	0.991	0.993	0	0.721	0.999
RPS2	RPS9	9606.ENSP00000341885	9606.ENSP00000375632	0.111	0	0	0	0.991	0.997	0.900	0.880	0.999
RPS2	RPLP2	9606.ENSP00000341885	9606.ENSP00000431240	0	0	0	0	0.989	0.992	0	0.295	0.999
RPS2	RPS16	9606.ENSP00000341885	9606.ENSP00000367806	0.102	0	0	0	0.986	0.996	0.900	0.821	0.999
RPS2	RACK1	9606.ENSP00000341885	9606.ENSP00000426909	0	0	0	0	0.991	0.997	0.540	0.713	0.999
RPS2	RPS19	9606.ENSP00000341885	9606.ENSP00000470972	0	0	0	0	0.981	0.995	0.900	0.839	0.999
RPS2	RPL18	9606.ENSP00000341885	9606.ENSP00000447001	0.057	0	0	0	0.991	0.994	0	0.665	0.999
RPS2	RPL11	9606.ENSP00000341885	9606.ENSP00000496250	0.120	0	0	0	0.991	0.994	0	0.785	0.999
RPS2	RPL24	9606.ENSP00000341885	9606.ENSP00000377640	0	0	0	0	0.985	0.995	0	0.316	0.999
RPS2	RPS28	9606.ENSP00000341885	9606.ENSP00000472469	0	0	0	0	0.927	0.992	0.900	0.598	0.999
RPS2	RPLP1	9606.ENSP00000341885	9606.ENSP00000346037	0	0	0	0	0.981	0.993	0	0.624	0.999
RPS2	RPS4X	9606.ENSP00000341885	9606.ENSP00000362744	0.102	0	0	0	0.954	0.982	0.900	0.715	0.999
RPS2	RPS17	9606.ENSP00000341885	9606.ENSP00000498019	0	0	0	0	0.954	0.997	0.900	0.592	0.999
RPS27A	ORC6	9606.ENSP00000272317	9606.ENSP00000219097	0	0	0	0	0.042	0	0.500	0	0.500
RPS27A	RPL18A	9606.ENSP00000272317	9606.ENSP00000222247	0	0	0	0	0.980	0.992	0	0.492	0.999
RPS27A	RPL19	9606.ENSP00000272317	9606.ENSP00000225430	0	0	0	0	0.990	0.992	0	0.274	0.999
RPS27A	PFN1	9606.ENSP00000272317	9606.ENSP00000225655	0	0	0	0	0.141	0.306	0	0.131	0.437
RPS27A	RPS12	9606.ENSP00000272317	9606.ENSP00000230050	0	0	0	0	0.963	0.996	0.900	0.289	0.999
RPS27A	HBA2	9606.ENSP00000272317	9606.ENSP00000251595	0	0	0	0	0	0.092	0.900	0.068	0.907
RPS27A	H3-3B	9606.ENSP00000272317	9606.ENSP00000254810	0	0	0	0	0.129	0.360	0	0.210	0.521
RPS27A	FTH1	9606.ENSP00000272317	9606.ENSP00000273550	0	0	0	0	0.111	0.301	0	0.112	0.401
RPS27A	B2M	9606.ENSP00000272317	9606.ENSP00000497910	0	0	0	0	0.168	0.050	0	0.337	0.431
RPS27A	PCLAF	9606.ENSP00000272317	9606.ENSP00000300035	0	0	0	0	0.063	0	0.500	0.041	0.511
RPS27A	HBB	9606.ENSP00000272317	9606.ENSP00000494175	0	0	0	0	0.049	0.071	0.400	0.201	0.519
RPS27A	FSCN1	9606.ENSP00000272317	9606.ENSP00000371798	0	0	0	0	0.057	0.510	0	0.055	0.525
RPS27A	AP2A2	9606.ENSP00000272317	9606.ENSP00000327694	0	0	0	0	0.052	0.063	0.500	0.072	0.533
RPS27A	CUL4A	9606.ENSP00000272317	9606.ENSP00000364589	0	0	0	0	0.054	0	0.500	0.156	0.566
RPS27A	PPP2CA	9606.ENSP00000272317	9606.ENSP00000418447	0	0	0	0	0.126	0.070	0.500	0.093	0.582
RPS27A	ACTB	9606.ENSP00000272317	9606.ENSP00000494750	0	0	0	0	0.121	0.321	0	0.382	0.600
RPS27A	EEF1G	9606.ENSP00000272317	9606.ENSP00000331901	0	0	0	0	0.703	0.121	0	0.233	0.783
RPS27A	TPT1	9606.ENSP00000272317	9606.ENSP00000477781	0	0	0	0	0.935	0.131	0	0.118	0.946
RPS27A	PSMD12	9606.ENSP00000272317	9606.ENSP00000348442	0	0	0	0	0.257	0.915	0.500	0.158	0.970
RPS27A	EEF1A1	9606.ENSP00000272317	9606.ENSP00000339063	0	0	0	0	0.548	0.876	0.500	0.500	0.984
RPS27A	RPL3	9606.ENSP00000272317	9606.ENSP00000346001	0	0	0	0	0.904	0.967	0	0.297	0.997
RPS27A	UBB	9606.ENSP00000272317	9606.ENSP00000478771	0	0	0.061	0.930	0.171	0.983	0.900	0.098	0.998
RPS27A	UBC	9606.ENSP00000272317	9606.ENSP00000441543	0	0	0	0.931	0.163	0.986	0.900	0.063	0.998
RPS27A	RPL18	9606.ENSP00000272317	9606.ENSP00000447001	0	0	0	0	0.955	0.992	0	0.329	0.999
RPS27A	RPL11	9606.ENSP00000272317	9606.ENSP00000496250	0	0	0	0	0.992	0.993	0	0.688	0.999
RPS27A	RPL13	9606.ENSP00000272317	9606.ENSP00000307889	0	0	0	0	0.954	0.991	0	0.416	0.999
RPS27A	RACK1	9606.ENSP00000272317	9606.ENSP00000426909	0	0	0	0	0.920	0.997	0.540	0.282	0.999
RPS27A	RPS19	9606.ENSP00000272317	9606.ENSP00000470972	0	0	0	0	0.979	0.992	0.900	0.518	0.999
RPS27A	RPS16	9606.ENSP00000272317	9606.ENSP00000367806	0	0	0	0	0.979	0.992	0.900	0.546	0.999
RPS27A	RPS17	9606.ENSP00000272317	9606.ENSP00000498019	0	0	0	0	0.979	0.991	0.900	0.605	0.999
RPS27A	RPS28	9606.ENSP00000272317	9606.ENSP00000472469	0	0	0	0	0.980	0.991	0.900	0.465	0.999
RPS27A	RPLP1	9606.ENSP00000272317	9606.ENSP00000346037	0	0	0	0	0.982	0.989	0	0.220	0.999
RPS27A	RPL4	9606.ENSP00000272317	9606.ENSP00000311430	0	0	0	0	0.951	0.992	0	0.490	0.999
RPS27A	RPS4X	9606.ENSP00000272317	9606.ENSP00000362744	0	0	0	0	0.914	0.963	0.900	0.213	0.999
RPS27A	RPL24	9606.ENSP00000272317	9606.ENSP00000377640	0	0	0	0	0.991	0.992	0	0.145	0.999
RPS27A	RPS2	9606.ENSP00000272317	9606.ENSP00000341885	0	0	0	0	0.980	0.993	0.900	0.689	0.999
RPS27A	RPLP2	9606.ENSP00000272317	9606.ENSP00000431240	0	0	0	0	0.980	0.950	0	0.518	0.999
RPS27A	RPL38	9606.ENSP00000272317	9606.ENSP00000309830	0	0	0	0	0.978	0.991	0	0.458	0.999
RPS27A	RPS9	9606.ENSP00000272317	9606.ENSP00000375632	0	0	0	0	0.975	0.991	0.900	0.320	0.999
RPS27A	RPLP0	9606.ENSP00000272317	9606.ENSP00000449328	0	0	0	0	0.979	0.992	0	0.343	0.999
RPS28	RPL18A	9606.ENSP00000472469	9606.ENSP00000222247	0	0	0	0	0.980	0.991	0.900	0.640	0.999
RPS28	RPL19	9606.ENSP00000472469	9606.ENSP00000225430	0	0	0	0	0.991	0.993	0.900	0.574	0.999
RPS28	RPS12	9606.ENSP00000472469	9606.ENSP00000230050	0.099	0	0	0	0.980	0.993	0.900	0.261	0.999
RPS28	HBA2	9606.ENSP00000472469	9606.ENSP00000251595	0	0	0	0	0.055	0	0.900	0.136	0.911
RPS28	RPS27A	9606.ENSP00000472469	9606.ENSP00000272317	0	0	0	0	0.980	0.991	0.900	0.465	0.999
RPS28	FTH1	9606.ENSP00000472469	9606.ENSP00000273550	0	0	0	0	0.156	0	0	0.394	0.467
RPS28	RPL13	9606.ENSP00000472469	9606.ENSP00000307889	0	0	0	0	0.979	0.992	0	0.349	0.999
RPS28	RPL38	9606.ENSP00000472469	9606.ENSP00000309830	0	0	0	0	0.980	0.992	0.900	0.667	0.999
RPS28	RPL4	9606.ENSP00000472469	9606.ENSP00000311430	0.057	0	0	0	0.932	0.993	0	0.572	0.999
RPS28	EEF1G	9606.ENSP00000472469	9606.ENSP00000331901	0	0	0	0	0.335	0.123	0	0.444	0.648
RPS28	EEF1A1	9606.ENSP00000472469	9606.ENSP00000339063	0	0	0	0	0.697	0.800	0.500	0.225	0.973
RPS28	RPS2	9606.ENSP00000472469	9606.ENSP00000341885	0	0	0	0	0.927	0.992	0.900	0.598	0.999
RPS28	RPL3	9606.ENSP00000472469	9606.ENSP00000346001	0	0	0	0	0.937	0.967	0	0.567	0.999
RPS28	RPLP1	9606.ENSP00000472469	9606.ENSP00000346037	0	0	0	0	0.991	0.979	0	0.717	0.999
RPS28	RPS4X	9606.ENSP00000472469	9606.ENSP00000362744	0	0	0	0	0.949	0.967	0.900	0.550	0.999
RPS28	RPS16	9606.ENSP00000472469	9606.ENSP00000367806	0.057	0	0	0	0.981	0.993	0.900	0.773	0.999
RPS28	RPS9	9606.ENSP00000472469	9606.ENSP00000375632	0	0	0	0	0.977	0.992	0.900	0.601	0.999
RPS28	RPL24	9606.ENSP00000472469	9606.ENSP00000377640	0.231	0	0	0	0.979	0.992	0.900	0.453	0.999
RPS28	RACK1	9606.ENSP00000472469	9606.ENSP00000426909	0	0	0	0	0.968	0.997	0.540	0.428	0.999
RPS28	RPLP2	9606.ENSP00000472469	9606.ENSP00000431240	0	0	0	0	0.984	0.983	0	0.402	0.999
RPS28	UBC	9606.ENSP00000472469	9606.ENSP00000441543	0	0	0	0	0.388	0.495	0	0.101	0.697
RPS28	RPL18	9606.ENSP00000472469	9606.ENSP00000447001	0.113	0	0	0	0.975	0.992	0.900	0.713	0.999
RPS28	RPLP0	9606.ENSP00000472469	9606.ENSP00000449328	0	0	0	0	0.953	0.991	0	0.517	0.999
RPS28	RPS19	9606.ENSP00000472469	9606.ENSP00000470972	0.075	0	0	0	0.991	0.992	0.900	0.828	0.999
RPS28	UBB	9606.ENSP00000472469	9606.ENSP00000478771	0	0	0	0	0.397	0.495	0	0.138	0.715
RPS28	TPT1	9606.ENSP00000472469	9606.ENSP00000477781	0	0	0	0	0.864	0.113	0	0.284	0.906
RPS28	RPS17	9606.ENSP00000472469	9606.ENSP00000498019	0	0	0	0	0.932	0.992	0.900	0.704	0.999
RPS28	RPL11	9606.ENSP00000472469	9606.ENSP00000496250	0	0	0	0	0.991	0.993	0.900	0.717	0.999
RPS4X	RPL18A	9606.ENSP00000362744	9606.ENSP00000222247	0	0	0	0	0.954	0.974	0	0.598	0.999
RPS4X	RPL19	9606.ENSP00000362744	9606.ENSP00000225430	0.115	0	0	0	0.955	0.981	0	0.716	0.999
RPS4X	RPS12	9606.ENSP00000362744	9606.ENSP00000230050	0	0	0	0	0.951	0.984	0.900	0.224	0.999
RPS4X	HBA2	9606.ENSP00000362744	9606.ENSP00000251595	0	0	0	0	0	0.071	0.900	0.091	0.908
RPS4X	RPS27A	9606.ENSP00000362744	9606.ENSP00000272317	0	0	0	0	0.914	0.963	0.900	0.213	0.999
RPS4X	RPL13	9606.ENSP00000362744	9606.ENSP00000307889	0	0	0	0	0.955	0.981	0	0.326	0.999
RPS4X	RPL38	9606.ENSP00000362744	9606.ENSP00000309830	0	0	0	0	0.919	0.967	0	0.334	0.998
RPS4X	RPL4	9606.ENSP00000362744	9606.ENSP00000311430	0.042	0	0	0	0.955	0.980	0	0.532	0.999
RPS4X	EEF1G	9606.ENSP00000362744	9606.ENSP00000331901	0	0	0	0	0.971	0.128	0	0.336	0.982
RPS4X	EEF1A1	9606.ENSP00000362744	9606.ENSP00000339063	0	0	0	0	0.857	0.841	0.500	0.466	0.993
RPS4X	RPS2	9606.ENSP00000362744	9606.ENSP00000341885	0.102	0	0	0	0.954	0.982	0.900	0.715	0.999
RPS4X	RPL3	9606.ENSP00000362744	9606.ENSP00000346001	0.091	0	0	0	0.910	0.948	0	0.541	0.997
RPS4X	RPLP1	9606.ENSP00000362744	9606.ENSP00000346037	0	0	0	0	0.953	0.973	0	0.327	0.999
RPS4X	PSMD12	9606.ENSP00000362744	9606.ENSP00000348442	0	0	0	0	0.478	0	0	0.104	0.512
RPS4X	ACTB	9606.ENSP00000362744	9606.ENSP00000494750	0	0	0	0	0.140	0.231	0	0.167	0.402
RPS4X	UBC	9606.ENSP00000362744	9606.ENSP00000441543	0	0	0	0	0.294	0.372	0	0.146	0.588
RPS4X	UBB	9606.ENSP00000362744	9606.ENSP00000478771	0	0	0	0	0.313	0.372	0	0.159	0.606
RPS4X	TPT1	9606.ENSP00000362744	9606.ENSP00000477781	0	0	0	0	0.805	0.451	0	0.166	0.902
RPS4X	RPLP2	9606.ENSP00000362744	9606.ENSP00000431240	0	0	0	0	0.915	0.962	0	0.279	0.997
RPS4X	RPLP0	9606.ENSP00000362744	9606.ENSP00000449328	0	0	0	0	0.955	0.974	0	0.280	0.999
RPS4X	RPS9	9606.ENSP00000362744	9606.ENSP00000375632	0.086	0	0	0	0.952	0.988	0.900	0.485	0.999
RPS4X	RPS19	9606.ENSP00000362744	9606.ENSP00000470972	0	0	0	0	0.953	0.982	0.900	0.547	0.999
RPS4X	RACK1	9606.ENSP00000362744	9606.ENSP00000426909	0	0	0	0	0.954	0.991	0.540	0.169	0.999
RPS4X	RPS16	9606.ENSP00000362744	9606.ENSP00000367806	0.042	0	0	0	0.953	0.985	0.900	0.566	0.999
RPS4X	RPL11	9606.ENSP00000362744	9606.ENSP00000496250	0.115	0	0	0	0.955	0.980	0	0.468	0.999
RPS4X	RPL18	9606.ENSP00000362744	9606.ENSP00000447001	0.045	0	0	0	0.954	0.972	0	0.592	0.999
RPS4X	RPL24	9606.ENSP00000362744	9606.ENSP00000377640	0	0	0	0	0.954	0.974	0	0.442	0.999
RPS4X	RPS17	9606.ENSP00000362744	9606.ENSP00000498019	0	0	0	0	0.920	0.975	0.900	0.478	0.999
RPS4X	RPS28	9606.ENSP00000362744	9606.ENSP00000472469	0	0	0	0	0.949	0.967	0.900	0.550	0.999
RPS9	RPL18A	9606.ENSP00000375632	9606.ENSP00000222247	0	0	0	0	0.991	0.992	0	0.353	0.999
RPS9	RPL19	9606.ENSP00000375632	9606.ENSP00000225430	0.116	0	0	0	0.990	0.995	0	0.780	0.999
RPS9	RPS12	9606.ENSP00000375632	9606.ENSP00000230050	0.070	0	0	0	0.990	0.993	0.900	0.342	0.999
RPS9	LILRB3	9606.ENSP00000375632	9606.ENSP00000245620	0	0	0	0	0	0	0	0.409	0.409
RPS9	HBA2	9606.ENSP00000375632	9606.ENSP00000251595	0	0	0	0	0	0.097	0.900	0.130	0.914
RPS9	RPS27A	9606.ENSP00000375632	9606.ENSP00000272317	0	0	0	0	0.975	0.991	0.900	0.320	0.999
RPS9	RPL13	9606.ENSP00000375632	9606.ENSP00000307889	0	0	0	0	0.990	0.994	0	0.381	0.999
RPS9	RPL38	9606.ENSP00000375632	9606.ENSP00000309830	0	0	0	0	0.945	0.993	0	0.438	0.999
RPS9	RPL4	9606.ENSP00000375632	9606.ENSP00000311430	0.102	0	0	0	0.991	0.994	0	0.684	0.999
RPS9	EEF1G	9606.ENSP00000375632	9606.ENSP00000331901	0	0	0	0	0.885	0	0	0.256	0.911
RPS9	EEF1A1	9606.ENSP00000375632	9606.ENSP00000339063	0	0	0	0	0.816	0.810	0.500	0.448	0.989
RPS9	RPS2	9606.ENSP00000375632	9606.ENSP00000341885	0.111	0	0	0	0.991	0.997	0.900	0.880	0.999
RPS9	RPL3	9606.ENSP00000375632	9606.ENSP00000346001	0.102	0	0	0	0.959	0.980	0	0.624	0.999
RPS9	RPLP1	9606.ENSP00000375632	9606.ENSP00000346037	0	0	0	0	0.974	0.977	0	0.574	0.999
RPS9	PSMD12	9606.ENSP00000375632	9606.ENSP00000348442	0	0	0	0	0.483	0	0	0.146	0.540
RPS9	RPS4X	9606.ENSP00000375632	9606.ENSP00000362744	0.086	0	0	0	0.952	0.988	0.900	0.485	0.999
RPS9	RPS16	9606.ENSP00000375632	9606.ENSP00000367806	0.102	0	0	0	0.990	0.995	0.900	0.713	0.999
RPS9	LAIR1	9606.ENSP00000375632	9606.ENSP00000375622	0	0	0	0	0	0	0	0.425	0.425
RPS9	B2M	9606.ENSP00000375632	9606.ENSP00000497910	0	0	0	0	0.141	0	0	0.398	0.461
RPS9	ACTB	9606.ENSP00000375632	9606.ENSP00000494750	0	0	0	0	0.126	0.253	0	0.449	0.609
RPS9	UBB	9606.ENSP00000375632	9606.ENSP00000478771	0	0	0	0	0.224	0.481	0	0.160	0.632
RPS9	UBC	9606.ENSP00000375632	9606.ENSP00000441543	0	0	0	0	0.226	0.497	0	0.217	0.669
RPS9	TPT1	9606.ENSP00000375632	9606.ENSP00000477781	0	0	0	0	0.917	0.091	0	0.088	0.925
RPS9	RPL24	9606.ENSP00000375632	9606.ENSP00000377640	0	0	0	0	0.988	0.993	0	0.308	0.999
RPS9	RPS17	9606.ENSP00000375632	9606.ENSP00000498019	0	0	0	0	0.984	0.994	0.900	0.562	0.999
RPS9	RPS28	9606.ENSP00000375632	9606.ENSP00000472469	0	0	0	0	0.977	0.992	0.900	0.601	0.999
RPS9	RACK1	9606.ENSP00000375632	9606.ENSP00000426909	0	0	0	0	0.990	0.997	0.540	0.404	0.999
RPS9	RPS19	9606.ENSP00000375632	9606.ENSP00000470972	0	0	0	0	0.986	0.995	0.900	0.801	0.999
RPS9	RPL18	9606.ENSP00000375632	9606.ENSP00000447001	0.120	0	0	0	0.991	0.995	0	0.681	0.999
RPS9	RPL11	9606.ENSP00000375632	9606.ENSP00000496250	0.120	0	0	0	0.991	0.993	0	0.646	0.999
RPS9	RPLP0	9606.ENSP00000375632	9606.ENSP00000449328	0.108	0	0	0	0.986	0.992	0	0.700	0.999
RPS9	RPLP2	9606.ENSP00000375632	9606.ENSP00000431240	0	0	0	0	0.977	0.986	0	0.379	0.999
S100A4	AP2A2	9606.ENSP00000357704	9606.ENSP00000327694	0	0	0	0	0	0.409	0	0.047	0.412
S100A4	ACTB	9606.ENSP00000357704	9606.ENSP00000494750	0	0	0	0	0.073	0.092	0	0.448	0.495
SHCBP1	ORC6	9606.ENSP00000306473	9606.ENSP00000219097	0	0	0	0	0.508	0	0	0.197	0.588
SHCBP1	PCLAF	9606.ENSP00000306473	9606.ENSP00000300035	0	0	0	0	0.544	0	0	0.188	0.614
SMARCD3	H3-3B	9606.ENSP00000262188	9606.ENSP00000254810	0	0	0	0	0.054	0.200	0	0.317	0.439
SMARCD3	ACTG1	9606.ENSP00000262188	9606.ENSP00000458162	0	0	0	0	0.084	0.184	0.800	0.090	0.845
SMARCD3	ACTB	9606.ENSP00000262188	9606.ENSP00000494750	0	0	0	0	0.084	0.397	0.800	0.229	0.903
TMSB10	RPL19	9606.ENSP00000233143	9606.ENSP00000225430	0	0	0	0	0.360	0	0	0.117	0.411
TMSB10	PFN1	9606.ENSP00000233143	9606.ENSP00000225655	0	0	0	0	0.285	0.271	0	0.334	0.623
TMSB10	RPL38	9606.ENSP00000233143	9606.ENSP00000309830	0	0	0	0	0.344	0	0	0.123	0.400
TMSB10	TMSB4X	9606.ENSP00000233143	9606.ENSP00000370010	0	0	0.059	0.956	0.382	0	0	0.080	0.419
TMSB10	FTL	9606.ENSP00000233143	9606.ENSP00000366525	0	0	0	0	0.310	0	0	0.212	0.433
TMSB10	RPL18	9606.ENSP00000233143	9606.ENSP00000447001	0	0	0	0	0.253	0	0	0.277	0.437
TMSB10	RPL3	9606.ENSP00000233143	9606.ENSP00000346001	0	0	0	0	0.194	0	0	0.333	0.440
TMSB10	RPS2	9606.ENSP00000233143	9606.ENSP00000341885	0	0	0	0	0.211	0	0	0.347	0.463
TMSB10	B2M	9606.ENSP00000233143	9606.ENSP00000497910	0	0	0	0	0.403	0	0	0.182	0.490
TMSB10	ACTB	9606.ENSP00000233143	9606.ENSP00000494750	0	0	0	0	0.373	0.232	0	0.199	0.581
TMSB10	RPS19	9606.ENSP00000233143	9606.ENSP00000470972	0	0	0	0	0.438	0	0	0.353	0.621
TMSB4X	PFN1	9606.ENSP00000370010	9606.ENSP00000225655	0	0	0	0	0.227	0.080	0	0.948	0.959
TMSB4X	TMSB10	9606.ENSP00000370010	9606.ENSP00000233143	0	0	0.059	0.956	0.382	0	0	0.080	0.419
TMSB4X	EEF1A1	9606.ENSP00000370010	9606.ENSP00000339063	0	0	0	0	0.157	0.369	0	0.194	0.534
TMSB4X	FTL	9606.ENSP00000370010	9606.ENSP00000366525	0	0	0	0	0.470	0	0	0.228	0.573
TMSB4X	B2M	9606.ENSP00000370010	9606.ENSP00000497910	0	0	0	0	0.278	0.363	0	0.248	0.623
TMSB4X	ACTB	9606.ENSP00000370010	9606.ENSP00000494750	0	0	0	0	0.192	0.396	0.900	0.311	0.961
TMSB4X	ACTG1	9606.ENSP00000370010	9606.ENSP00000458162	0	0	0	0	0.123	0.643	0.900	0.377	0.977
TPT1	RPL18A	9606.ENSP00000477781	9606.ENSP00000222247	0	0	0	0	0.924	0.310	0	0	0.945
TPT1	RPL19	9606.ENSP00000477781	9606.ENSP00000225430	0	0	0	0	0.950	0.106	0	0.102	0.956
TPT1	PFN1	9606.ENSP00000477781	9606.ENSP00000225655	0	0	0	0	0.169	0.071	0	0.306	0.417
TPT1	RPS12	9606.ENSP00000477781	9606.ENSP00000230050	0	0	0	0	0.951	0.127	0	0.170	0.961
TPT1	RPS27A	9606.ENSP00000477781	9606.ENSP00000272317	0	0	0	0	0.935	0.131	0	0.118	0.946
TPT1	FTH1	9606.ENSP00000477781	9606.ENSP00000273550	0	0	0	0	0.415	0.083	0	0.140	0.498
TPT1	RPL13	9606.ENSP00000477781	9606.ENSP00000307889	0	0	0	0	0.947	0.238	0	0.091	0.960
TPT1	RPL38	9606.ENSP00000477781	9606.ENSP00000309830	0	0	0	0	0.666	0.334	0	0.047	0.770
TPT1	RPL4	9606.ENSP00000477781	9606.ENSP00000311430	0	0	0	0	0.804	0.331	0	0.155	0.880
TPT1	EEF1G	9606.ENSP00000477781	9606.ENSP00000331901	0	0	0	0	0.969	0.617	0	0.478	0.993
TPT1	EEF1A1	9606.ENSP00000477781	9606.ENSP00000339063	0	0	0	0	0.663	0.592	0	0.666	0.950
TPT1	RPS2	9606.ENSP00000477781	9606.ENSP00000341885	0	0	0	0	0.916	0.475	0	0.091	0.956
TPT1	RPL3	9606.ENSP00000477781	9606.ENSP00000346001	0	0	0	0	0.741	0	0	0.140	0.767
TPT1	RPLP1	9606.ENSP00000477781	9606.ENSP00000346037	0	0	0	0	0.952	0.245	0	0.225	0.969
TPT1	RPS4X	9606.ENSP00000477781	9606.ENSP00000362744	0	0	0	0	0.805	0.451	0	0.166	0.902
TPT1	FTL	9606.ENSP00000477781	9606.ENSP00000366525	0	0	0	0	0.302	0.083	0	0.147	0.406
TPT1	RPS16	9606.ENSP00000477781	9606.ENSP00000367806	0	0	0	0	0.941	0.331	0	0.121	0.962
TPT1	RPS9	9606.ENSP00000477781	9606.ENSP00000375632	0	0	0	0	0.917	0.091	0	0.088	0.925
TPT1	RPL24	9606.ENSP00000477781	9606.ENSP00000377640	0	0	0	0	0.924	0.129	0	0	0.931
TPT1	RACK1	9606.ENSP00000477781	9606.ENSP00000426909	0	0	0	0	0.971	0.459	0	0.314	0.988
TPT1	RPLP2	9606.ENSP00000477781	9606.ENSP00000431240	0	0	0	0	0.942	0.451	0	0.145	0.970
TPT1	RPL18	9606.ENSP00000477781	9606.ENSP00000447001	0	0	0	0	0.920	0.328	0	0.090	0.947
TPT1	RPLP0	9606.ENSP00000477781	9606.ENSP00000449328	0	0	0	0	0.938	0.451	0	0.321	0.975
TPT1	RPS19	9606.ENSP00000477781	9606.ENSP00000470972	0	0	0	0	0.913	0.126	0	0.049	0.922
TPT1	RPS28	9606.ENSP00000477781	9606.ENSP00000472469	0	0	0	0	0.864	0.113	0	0.284	0.906
TPT1	UBB	9606.ENSP00000477781	9606.ENSP00000478771	0	0	0	0	0.311	0.071	0	0.152	0.411
TPT1	ACTB	9606.ENSP00000477781	9606.ENSP00000494750	0	0	0	0	0.110	0.328	0	0.359	0.584
TPT1	RPS17	9606.ENSP00000477781	9606.ENSP00000498019	0	0	0	0	0.741	0.126	0	0.133	0.787
TPT1	RPL11	9606.ENSP00000477781	9606.ENSP00000496250	0	0	0	0	0.957	0.128	0	0.044	0.961
TYROBP	LILRB3	9606.ENSP00000262629	9606.ENSP00000245620	0	0	0	0	0.486	0	0	0.507	0.735
TYROBP	RAC2	9606.ENSP00000262629	9606.ENSP00000249071	0	0	0	0	0.265	0	0	0.222	0.404
TYROBP	HLA-A	9606.ENSP00000262629	9606.ENSP00000379873	0	0	0	0	0.162	0	0	0.406	0.481
TYROBP	LAIR1	9606.ENSP00000262629	9606.ENSP00000375622	0	0	0	0	0.269	0	0	0.352	0.506
TYROBP	NCF4	9606.ENSP00000262629	9606.ENSP00000380334	0	0	0	0	0.545	0	0	0.139	0.592
TYROBP	B2M	9606.ENSP00000262629	9606.ENSP00000497910	0	0	0	0	0.165	0	0.700	0.302	0.809
TYROBP	HLA-E	9606.ENSP00000262629	9606.ENSP00000365817	0	0	0	0	0.224	0	0.500	0.720	0.881
TYROBP	ITGB2	9606.ENSP00000262629	9606.ENSP00000380948	0	0	0	0	0.921	0	0	0.659	0.972
UBB	ORC6	9606.ENSP00000478771	9606.ENSP00000219097	0	0	0	0	0	0	0.500	0	0.499
UBB	RPL18A	9606.ENSP00000478771	9606.ENSP00000222247	0	0	0	0	0.270	0.496	0	0.101	0.640
UBB	RPL19	9606.ENSP00000478771	9606.ENSP00000225430	0	0	0	0	0.519	0.496	0	0.150	0.776
UBB	RPS12	9606.ENSP00000478771	9606.ENSP00000230050	0	0	0	0	0.218	0.416	0	0.066	0.536
UBB	H3-3B	9606.ENSP00000478771	9606.ENSP00000254810	0	0	0	0	0.177	0.305	0	0.222	0.517
UBB	RPS27A	9606.ENSP00000478771	9606.ENSP00000272317	0	0	0.061	0.930	0.171	0.983	0.900	0.098	0.998
UBB	PCLAF	9606.ENSP00000478771	9606.ENSP00000300035	0	0	0	0	0.042	0	0.500	0.041	0.500
UBB	RPL13	9606.ENSP00000478771	9606.ENSP00000307889	0	0	0	0	0.311	0.488	0	0.115	0.660
UBB	RPL38	9606.ENSP00000478771	9606.ENSP00000309830	0	0	0	0	0.386	0.496	0	0	0.677
UBB	RPL4	9606.ENSP00000478771	9606.ENSP00000311430	0	0	0	0	0.199	0.496	0	0.078	0.595
UBB	AP2A2	9606.ENSP00000478771	9606.ENSP00000327694	0	0	0	0	0.052	0.063	0.500	0.067	0.530
UBB	EEF1A1	9606.ENSP00000478771	9606.ENSP00000339063	0	0.017	0	0	0.238	0.113	0	0.373	0.539
UBB	RPS2	9606.ENSP00000478771	9606.ENSP00000341885	0	0	0	0	0.250	0.494	0	0.091	0.625
UBB	RPL3	9606.ENSP00000478771	9606.ENSP00000346001	0	0	0	0	0.334	0.418	0	0.129	0.633
UBB	RPLP1	9606.ENSP00000478771	9606.ENSP00000346037	0	0	0	0	0.461	0.306	0	0.129	0.646
UBB	PSMD12	9606.ENSP00000478771	9606.ENSP00000348442	0	0	0	0	0.051	0.882	0.500	0.265	0.953
UBB	RPS4X	9606.ENSP00000478771	9606.ENSP00000362744	0	0	0	0	0.313	0.372	0	0.159	0.606
UBB	CUL4A	9606.ENSP00000478771	9606.ENSP00000364589	0	0	0	0	0.056	0	0.500	0.183	0.580
UBB	RPS16	9606.ENSP00000478771	9606.ENSP00000367806	0	0	0	0	0.215	0.488	0	0.100	0.606
UBB	RPS9	9606.ENSP00000478771	9606.ENSP00000375632	0	0	0	0	0.224	0.481	0	0.160	0.632
UBB	RPL24	9606.ENSP00000478771	9606.ENSP00000377640	0	0	0	0	0.374	0.496	0	0	0.671
UBB	PPP2CA	9606.ENSP00000478771	9606.ENSP00000418447	0	0	0	0	0.138	0.070	0.500	0.054	0.570
UBB	RACK1	9606.ENSP00000478771	9606.ENSP00000426909	0	0	0	0	0.254	0.405	0	0.216	0.622
UBB	RPLP2	9606.ENSP00000478771	9606.ENSP00000431240	0	0	0	0	0.419	0.265	0	0.119	0.591
UBB	UBC	9606.ENSP00000478771	9606.ENSP00000441543	0	0	0.047	0.986	0.779	0.900	0.900	0.481	0.998
UBB	RPL18	9606.ENSP00000478771	9606.ENSP00000447001	0	0	0	0	0.202	0.495	0	0.089	0.600
UBB	RPLP0	9606.ENSP00000478771	9606.ENSP00000449328	0	0	0	0	0.335	0.313	0	0.240	0.622
UBB	ACTG1	9606.ENSP00000478771	9606.ENSP00000458162	0	0	0	0	0.297	0.127	0	0.225	0.483
UBB	RPS19	9606.ENSP00000478771	9606.ENSP00000470972	0	0	0	0	0.305	0.495	0	0.124	0.666
UBB	RPS28	9606.ENSP00000478771	9606.ENSP00000472469	0	0	0	0	0.397	0.495	0	0.138	0.715
UBB	TPT1	9606.ENSP00000478771	9606.ENSP00000477781	0	0	0	0	0.311	0.071	0	0.152	0.411
UBB	HBB	9606.ENSP00000478771	9606.ENSP00000494175	0	0	0	0	0.084	0.070	0.400	0.125	0.492
UBB	URM1	9606.ENSP00000478771	9606.ENSP00000501135	0	0	0	0	0.052	0	0	0.575	0.580
UBB	ACTB	9606.ENSP00000478771	9606.ENSP00000494750	0	0	0	0	0.425	0.127	0	0.348	0.645
UBB	RPS17	9606.ENSP00000478771	9606.ENSP00000498019	0	0	0	0	0.354	0.492	0	0.093	0.676
UBB	RPL11	9606.ENSP00000478771	9606.ENSP00000496250	0	0	0	0	0.379	0.492	0	0.343	0.774
UBC	ORC6	9606.ENSP00000441543	9606.ENSP00000219097	0	0	0	0	0	0	0.500	0	0.499
UBC	RPL18A	9606.ENSP00000441543	9606.ENSP00000222247	0	0	0	0	0.341	0.496	0	0.052	0.657
UBC	RPL19	9606.ENSP00000441543	9606.ENSP00000225430	0	0	0	0	0.476	0.496	0	0.204	0.771
UBC	RPS12	9606.ENSP00000441543	9606.ENSP00000230050	0	0	0	0	0.250	0.419	0	0.066	0.558
UBC	H3-3B	9606.ENSP00000441543	9606.ENSP00000254810	0	0	0	0	0.174	0.305	0	0.517	0.699
UBC	RPS27A	9606.ENSP00000441543	9606.ENSP00000272317	0	0	0	0.931	0.163	0.986	0.900	0.063	0.998
UBC	PCLAF	9606.ENSP00000441543	9606.ENSP00000300035	0	0	0	0	0	0	0.500	0.041	0.499
UBC	CEBPB	9606.ENSP00000441543	9606.ENSP00000305422	0	0	0	0	0.088	0.113	0	0.483	0.545
UBC	RPL13	9606.ENSP00000441543	9606.ENSP00000307889	0	0	0	0	0.296	0.488	0	0.194	0.684
UBC	RPL38	9606.ENSP00000441543	9606.ENSP00000309830	0	0	0	0	0.412	0.496	0	0	0.691
UBC	RPL4	9606.ENSP00000441543	9606.ENSP00000311430	0	0	0	0	0.200	0.496	0	0.137	0.622
UBC	AP2A2	9606.ENSP00000441543	9606.ENSP00000327694	0	0	0	0	0.052	0.147	0.500	0.059	0.569
UBC	EEF1G	9606.ENSP00000441543	9606.ENSP00000331901	0	0	0	0	0.204	0.137	0	0.215	0.414
UBC	EEF1A1	9606.ENSP00000441543	9606.ENSP00000339063	0	0	0	0	0.485	0.113	0	0.587	0.795
UBC	RPS2	9606.ENSP00000441543	9606.ENSP00000341885	0	0	0	0	0.244	0.494	0	0.129	0.638
UBC	RPL3	9606.ENSP00000441543	9606.ENSP00000346001	0	0	0	0	0.380	0.418	0	0.103	0.648
UBC	RPLP1	9606.ENSP00000441543	9606.ENSP00000346037	0	0	0	0	0.461	0.306	0	0.134	0.648
UBC	PSMD12	9606.ENSP00000441543	9606.ENSP00000348442	0	0	0	0	0.065	0.894	0.500	0.263	0.958
UBC	RPS4X	9606.ENSP00000441543	9606.ENSP00000362744	0	0	0	0	0.294	0.372	0	0.146	0.588
UBC	CUL4A	9606.ENSP00000441543	9606.ENSP00000364589	0	0	0	0	0.049	0.603	0.500	0.185	0.825
UBC	FTL	9606.ENSP00000441543	9606.ENSP00000366525	0	0	0	0	0.469	0.064	0	0.145	0.538
UBC	RPS16	9606.ENSP00000441543	9606.ENSP00000367806	0	0	0	0	0.256	0.488	0	0.093	0.624
UBC	GGA1	9606.ENSP00000441543	9606.ENSP00000371175	0	0	0	0	0.043	0.689	0	0.046	0.691
UBC	RPS9	9606.ENSP00000441543	9606.ENSP00000375632	0	0	0	0	0.226	0.497	0	0.217	0.669
UBC	RPL24	9606.ENSP00000441543	9606.ENSP00000377640	0	0	0	0	0.369	0.511	0	0	0.678
UBC	PPP2CA	9606.ENSP00000441543	9606.ENSP00000418447	0	0	0	0	0.099	0.070	0.500	0.075	0.560
UBC	RACK1	9606.ENSP00000441543	9606.ENSP00000426909	0	0	0	0	0.342	0.405	0	0.176	0.649
UBC	RPLP2	9606.ENSP00000441543	9606.ENSP00000431240	0	0	0	0	0.430	0.269	0	0.170	0.624
UBC	HBB	9606.ENSP00000441543	9606.ENSP00000494175	0	0	0	0	0.063	0.070	0.400	0.180	0.513
UBC	ACTG1	9606.ENSP00000441543	9606.ENSP00000458162	0	0	0	0	0.371	0.127	0	0.209	0.528
UBC	B2M	9606.ENSP00000441543	9606.ENSP00000497910	0	0	0	0	0.188	0.089	0	0.492	0.591
UBC	RPL18	9606.ENSP00000441543	9606.ENSP00000447001	0	0	0	0	0.274	0.495	0	0.131	0.654
UBC	RPLP0	9606.ENSP00000441543	9606.ENSP00000449328	0	0	0	0	0.332	0.317	0	0.340	0.673
UBC	RPS19	9606.ENSP00000441543	9606.ENSP00000470972	0	0	0	0	0.330	0.495	0	0.112	0.673
UBC	RPL11	9606.ENSP00000441543	9606.ENSP00000496250	0	0	0	0	0.378	0.492	0	0.108	0.694
UBC	RPS28	9606.ENSP00000441543	9606.ENSP00000472469	0	0	0	0	0.388	0.495	0	0.101	0.697
UBC	RPS17	9606.ENSP00000441543	9606.ENSP00000498019	0	0	0	0	0.353	0.492	0	0.166	0.702
UBC	ACTB	9606.ENSP00000441543	9606.ENSP00000494750	0	0	0	0	0.555	0.127	0	0.587	0.825
UBC	UBB	9606.ENSP00000441543	9606.ENSP00000478771	0	0	0.047	0.986	0.779	0.900	0.900	0.481	0.998
URM1	UBB	9606.ENSP00000501135	9606.ENSP00000478771	0	0	0	0	0.052	0	0	0.575	0.580
